# Blender 5.1.1
# www.blender.org
mtllib model.mtl
o -494688741.003_Material.946_0
v -0.014437 0.148142 -0.000358
v -0.018673 0.144164 -0.003695
v -0.018673 0.148893 -0.000358
v -0.045140 0.144164 -0.003695
v -0.018673 0.139435 -0.000358
v -0.045140 0.139435 -0.000358
v -0.045140 0.144164 0.002976
v -0.049368 0.138257 -0.000358
v -0.049368 0.144164 -0.000358
v -0.045140 0.144164 -0.003695
v -0.049372 0.149990 -0.000358
v -0.045140 0.148893 -0.000358
v -0.045140 0.144164 0.002976
v -0.018673 0.148893 -0.000358
v -0.018673 0.144164 0.002976
v -0.014437 0.148142 -0.000358
v -0.014440 0.144164 -0.000358
v -0.018673 0.144164 -0.003695
v -0.014440 0.140190 -0.000358
v -0.018673 0.139435 -0.000358
v -0.018673 0.144164 0.002976
v -0.045140 0.144164 0.002976
v -0.014440 0.144164 -0.000358
v -0.018673 0.144164 0.002976
v -0.014440 0.140190 -0.000358
v -0.045140 0.144164 -0.003695
v -0.045140 0.148893 -0.000358
v -0.018673 0.148893 -0.000358
v -0.045140 0.144164 -0.003695
v -0.045140 0.139435 -0.000358
v -0.049368 0.138257 -0.000358
v -0.049368 0.144164 -0.000358
v -0.045140 0.144164 0.002976
v -0.049372 0.149990 -0.000358
v -0.000001 0.107750 0.011680
v -0.013206 0.127807 0.008903
v -0.013756 0.107750 0.009296
v -0.018716 0.127807 -0.000005
v -0.017089 0.149232 0.000035
v -0.012274 0.127810 -0.008516
v -0.010931 0.149536 -0.007086
v -0.000001 0.127810 -0.010960
v -0.000001 0.149333 -0.008909
v 0.010926 0.149533 -0.006488
v 0.006164 0.150999 -0.005016
v 0.008414 0.151192 0.000844
v -0.013756 0.107750 0.009296
v -0.018716 0.127807 -0.000005
v -0.019432 0.107750 0.000001
v -0.013029 0.107750 -0.008953
v -0.012274 0.127810 -0.008516
v -0.000001 0.107750 -0.011401
v -0.000001 0.127810 -0.010960
v 0.012779 0.127807 -0.007920
v 0.010926 0.149533 -0.006488
v 0.017091 0.149235 0.000031
v 0.008414 0.151192 0.000844
v -0.008038 0.151290 0.000428
v -0.017089 0.149232 0.000035
v -0.011719 0.148091 0.006020
v -0.013206 0.127807 0.008903
v -0.000001 0.127810 0.011228
v -0.000001 0.107750 0.011680
v 0.013207 0.127810 0.008903
v 0.013758 0.107750 0.009296
v 0.018714 0.127810 -0.000005
v 0.019434 0.107750 0.000001
v -0.008038 0.151290 0.000428
v -0.011719 0.148091 0.006020
v -0.000001 0.149387 0.005479
v -0.000001 0.147871 0.007904
v -0.000001 0.127810 0.011228
v 0.011721 0.148091 0.006020
v 0.013207 0.127810 0.008903
v 0.017091 0.149235 0.000031
v 0.018714 0.127810 -0.000005
v 0.019434 0.107750 0.000001
v 0.013535 0.107750 -0.008357
v 0.018714 0.127810 -0.000005
v 0.012779 0.127807 -0.007920
v -0.000001 0.107750 -0.011401
v 0.006164 0.150999 -0.005016
v -0.000001 0.149333 -0.008909
v -0.000001 0.151016 -0.008257
v -0.006162 0.150995 -0.005014
v -0.010931 0.149536 -0.007086
v 0.008414 0.151192 0.000844
v -0.000001 0.149387 0.005479
v 0.011721 0.148091 0.006020
v -0.000001 0.147871 0.007904
v -0.017089 0.149232 0.000035
v -0.008038 0.151290 0.000428
v -0.010931 0.149536 -0.007086
v -0.006162 0.150995 -0.005014
v 0.017091 0.149235 0.000031
v 0.018714 0.127810 -0.000005
v 0.012779 0.127807 -0.007920
v 0.008414 0.151192 0.000844
v 0.011721 0.148091 0.006020
v 0.017091 0.149235 0.000031
v 0.018671 0.144164 -0.003695
v 0.016868 0.148142 -0.000358
v 0.018671 0.148893 -0.000358
v 0.018671 0.144164 0.002976
v 0.016868 0.144164 -0.000358
v 0.016871 0.140190 -0.000358
v 0.018671 0.144164 -0.003695
v 0.018671 0.139435 -0.000358
v 0.016868 0.148142 -0.000358
v 0.018671 0.144164 -0.003695
v 0.016868 0.144164 -0.000358
v 0.018671 0.139435 -0.000358
v 0.018671 0.144164 0.002976
v 0.016871 0.140190 -0.000358
v -0.009394 0.193845 0.009027
v -0.011550 0.191513 0.009037
v -0.008998 0.193855 0.009965
v -0.010866 0.191533 0.010664
v -0.007890 0.193882 0.010618
v -0.008998 0.191550 0.011855
v -0.006447 0.193869 0.010904
v -0.006447 0.191553 0.012290
v -0.004975 0.193865 0.010653
v -0.003899 0.191550 0.011855
v -0.003899 0.193855 0.009965
v -0.002031 0.191533 0.010664
v -0.001347 0.188351 0.010929
v -0.002031 0.191533 0.010664
v -0.003503 0.188371 0.012305
v -0.003899 0.191550 0.011855
v -0.006447 0.188375 0.012809
v -0.006447 0.191553 0.012290
v -0.009394 0.188371 0.012305
v -0.008998 0.191550 0.011855
v -0.011550 0.188351 0.010929
v -0.010866 0.191533 0.010664
v -0.012338 0.188327 0.009052
v -0.011550 0.191513 0.009037
v -0.011550 0.188331 0.007172
v -0.010866 0.185145 0.007423
v -0.012338 0.188327 0.009052
v -0.011550 0.185145 0.009052
v -0.011550 0.188327 0.010929
v -0.010866 0.185142 0.010676
v -0.009394 0.188327 0.012305
v -0.008998 0.185142 0.011868
v -0.006447 0.188327 0.012809
v -0.006447 0.185142 0.012305
v -0.003503 0.188327 0.012305
v -0.003899 0.185142 0.011868
v -0.001347 0.188327 0.010929
v -0.002031 0.185142 0.010676
v -0.003899 0.182813 0.009988
v -0.002031 0.185142 0.010676
v -0.004975 0.182813 0.010676
v -0.003899 0.185142 0.011868
v -0.006447 0.182813 0.010929
v -0.006447 0.185142 0.012305
v -0.007919 0.182813 0.010676
v -0.008998 0.185142 0.011868
v -0.008998 0.182813 0.009990
v -0.010866 0.185142 0.010676
v -0.009394 0.182813 0.009050
v -0.011550 0.185145 0.009052
v 0.011552 0.191513 0.009037
v 0.010872 0.191533 0.010664
v 0.012344 0.188327 0.009052
v 0.011552 0.188351 0.010929
v 0.009004 0.191550 0.011855
v 0.009396 0.188371 0.012305
v 0.006452 0.191553 0.012290
v 0.006452 0.188375 0.012809
v 0.003904 0.191550 0.011855
v 0.003508 0.188371 0.012305
v 0.002036 0.191533 0.010664
v 0.001352 0.188351 0.010929
v 0.002036 0.191533 0.010664
v 0.003904 0.191550 0.011855
v 0.003904 0.193855 0.009965
v 0.004980 0.193865 0.010653
v 0.006452 0.191553 0.012290
v 0.006452 0.193869 0.010904
v 0.009004 0.191550 0.011855
v 0.007892 0.193882 0.010618
v 0.010872 0.191533 0.010664
v 0.009004 0.193855 0.009965
v 0.011552 0.191513 0.009037
v 0.009396 0.193845 0.009027
v 0.002036 0.185142 0.010676
v 0.003904 0.185142 0.011868
v 0.001352 0.188327 0.010929
v 0.003508 0.188327 0.012305
v 0.006452 0.185142 0.012305
v 0.006452 0.188327 0.012809
v 0.009004 0.185142 0.011868
v 0.009396 0.188327 0.012305
v 0.010872 0.185142 0.010676
v 0.011552 0.188327 0.010929
v 0.011552 0.185145 0.009052
v 0.012344 0.188327 0.009052
v 0.010872 0.185145 0.007423
v 0.011552 0.188331 0.007172
v 0.011552 0.185145 0.009052
v 0.010872 0.185142 0.010676
v 0.009396 0.182813 0.009050
v 0.009004 0.182813 0.009990
v 0.009004 0.185142 0.011868
v 0.007924 0.182813 0.010676
v 0.006452 0.185142 0.012305
v 0.006452 0.182813 0.010929
v 0.003904 0.185142 0.011868
v 0.004980 0.182813 0.010676
v 0.002036 0.185142 0.010676
v 0.003904 0.182813 0.009988
v 0.001647 0.096091 -0.000034
v 0.008644 0.093203 -0.003695
v 0.003634 0.091856 -0.000034
v 0.009511 0.084581 -0.003695
v 0.014266 0.094195 -0.000034
v 0.014697 0.084612 -0.000034
v 0.009249 0.084581 0.003620
v 0.014787 0.065286 -0.000034
v 0.009601 0.065252 0.003620
v 0.015784 0.060651 -0.000034
v 0.009626 0.060611 -0.000034
v 0.009601 0.065252 -0.003695
v 0.003483 0.060574 -0.000034
v 0.004415 0.065221 -0.000034
v 0.009601 0.065252 0.003620
v 0.004325 0.084547 -0.000034
v 0.009249 0.084581 0.003620
v 0.003634 0.091856 -0.000034
v 0.008644 0.093203 0.003620
v 0.001647 0.096091 -0.000034
v 0.007438 0.097685 -0.000034
v 0.008644 0.093203 -0.003695
v 0.014679 0.098738 -0.000034
v 0.014266 0.094195 -0.000034
v 0.008644 0.093203 0.003620
v 0.009249 0.084581 0.003620
v 0.014787 0.065286 -0.000034
v 0.009601 0.065252 -0.003695
v 0.014697 0.084612 -0.000034
v 0.009511 0.084581 -0.003695
v 0.004415 0.065221 -0.000034
v 0.004325 0.084547 -0.000034
v 0.009511 0.084581 -0.003695
v 0.004325 0.084547 -0.000034
v 0.003634 0.091856 -0.000034
v 0.007438 0.097685 -0.000034
v 0.008644 0.093203 0.003620
v 0.014679 0.098738 -0.000034
v 0.009601 0.065252 -0.003695
v 0.014787 0.065286 -0.000034
v 0.015784 0.060651 -0.000034
v 0.009626 0.060611 -0.000034
v 0.009601 0.065252 0.003620
v 0.003483 0.060574 -0.000034
v 0.019434 0.107750 0.000001
v 0.014651 0.098081 0.000075
v 0.013535 0.107750 -0.008357
v 0.011142 0.100461 -0.007040
v -0.000001 0.099788 -0.009005
v -0.000001 0.107750 -0.011401
v -0.011140 0.100461 -0.007040
v -0.013029 0.107750 -0.008953
v -0.014652 0.098081 0.000075
v -0.019432 0.107750 0.000001
v -0.011154 0.100204 0.007521
v -0.013756 0.107750 0.009296
v -0.000001 0.099432 0.009219
v -0.000001 0.107750 0.011680
v 0.013758 0.107750 0.009296
v -0.014652 0.098081 0.000075
v -0.000001 0.095021 0.000001
v -0.011154 0.100204 0.007521
v -0.000001 0.099432 0.009219
v 0.011156 0.100346 0.007521
v 0.013758 0.107750 0.009296
v 0.019434 0.107750 0.000001
v -0.011140 0.100461 -0.007040
v -0.000001 0.099788 -0.009005
v -0.014652 0.098081 0.000075
v -0.000001 0.095021 0.000001
v 0.014651 0.098081 0.000075
v 0.019434 0.107750 0.000001
v 0.011156 0.100346 0.007521
v 0.014651 0.098081 0.000075
v -0.000001 0.095021 0.000001
v -0.000001 0.107750 -0.011401
v 0.013535 0.107750 -0.008357
v 0.011142 0.100461 -0.007040
v -0.014681 0.098738 -0.000034
v -0.014267 0.094195 -0.000034
v -0.008642 0.093203 0.003620
v -0.009247 0.084581 0.003620
v -0.003636 0.091856 -0.000034
v -0.004327 0.084547 -0.000034
v -0.009513 0.084581 -0.003695
v -0.004413 0.065221 -0.000034
v -0.009599 0.065252 -0.003695
v -0.003481 0.060574 -0.000034
v -0.009628 0.060611 -0.000034
v -0.009599 0.065252 0.003620
v -0.015786 0.060651 -0.000034
v -0.014786 0.065286 -0.000034
v -0.009599 0.065252 -0.003695
v -0.014699 0.084612 -0.000034
v -0.009513 0.084581 -0.003695
v -0.014267 0.094195 -0.000034
v -0.008642 0.093203 -0.003695
v -0.014681 0.098738 -0.000034
v -0.007436 0.097685 -0.000034
v -0.008642 0.093203 0.003620
v -0.001649 0.096091 -0.000034
v -0.003636 0.091856 -0.000034
v -0.008642 0.093203 -0.003695
v -0.009513 0.084581 -0.003695
v -0.004413 0.065221 -0.000034
v -0.004327 0.084547 -0.000034
v -0.009599 0.065252 0.003620
v -0.009247 0.084581 0.003620
v -0.014786 0.065286 -0.000034
v -0.014699 0.084612 -0.000034
v -0.001649 0.096091 -0.000034
v -0.008642 0.093203 -0.003695
v -0.007436 0.097685 -0.000034
v -0.009247 0.084581 0.003620
v -0.014267 0.094195 -0.000034
v -0.014699 0.084612 -0.000034
v -0.015786 0.060651 -0.000034
v -0.009599 0.065252 -0.003695
v -0.009628 0.060611 -0.000034
v -0.009599 0.065252 0.003620
v -0.003481 0.060574 -0.000034
v -0.004413 0.065221 -0.000034
v -0.006447 0.182383 0.009052
v -0.008836 0.183182 0.008172
v -0.007829 0.183182 0.007528
v -0.010589 0.185365 0.007528
v -0.011230 0.185365 0.009052
v -0.011968 0.188351 0.009052
v -0.011230 0.188351 0.010812
v -0.010589 0.191337 0.010576
v -0.008836 0.191337 0.011692
v -0.007829 0.193520 0.010576
v -0.006447 0.193520 0.010812
v -0.006447 0.194319 0.009052
v -0.005068 0.193520 0.010576
v -0.004057 0.193520 0.009932
v -0.004057 0.191337 0.011692
v -0.002308 0.191337 0.010576
v -0.003690 0.188351 0.012100
v -0.001667 0.188351 0.010812
v -0.004057 0.185365 0.011692
v -0.002308 0.185365 0.010576
v -0.005068 0.183182 0.010576
v -0.004057 0.183182 0.009932
v -0.006447 0.182383 0.009052
v -0.003690 0.183182 0.009052
v -0.008836 0.183182 0.008172
v -0.009207 0.183182 0.009052
v -0.011230 0.185365 0.009052
v -0.010589 0.185365 0.010576
v -0.008836 0.183182 0.009932
v -0.008836 0.185365 0.011692
v -0.007829 0.183182 0.010576
v -0.006447 0.185365 0.012100
v -0.006447 0.183182 0.010812
v -0.004057 0.185365 0.011692
v -0.005068 0.183182 0.010576
v -0.003690 0.183182 0.009052
v -0.001667 0.185365 0.009052
v -0.004057 0.183182 0.009932
v -0.002308 0.185365 0.010576
v -0.000929 0.188351 0.009052
v -0.001667 0.188351 0.010812
v -0.001667 0.191337 0.009052
v -0.002308 0.191337 0.010576
v -0.003690 0.193520 0.009052
v -0.004057 0.193520 0.009932
v -0.006447 0.194319 0.009052
v -0.007829 0.183182 0.007528
v -0.010589 0.185365 0.007528
v -0.008836 0.185365 0.006411
v -0.011230 0.188351 0.007291
v -0.011968 0.188351 0.009052
v -0.011230 0.191337 0.009052
v -0.010589 0.191337 0.010576
v -0.008836 0.193520 0.009932
v -0.007829 0.193520 0.010576
v -0.006447 0.194319 0.009052
v -0.006447 0.194319 0.009052
v -0.009207 0.193520 0.009052
v -0.008836 0.193520 0.009932
v -0.011230 0.191337 0.009052
v -0.010589 0.191337 0.007528
v -0.011230 0.188351 0.007291
v -0.009207 0.188351 0.006004
v -0.008836 0.185365 0.006411
v -0.006447 0.194319 0.009052
v -0.008836 0.193520 0.008172
v -0.009207 0.193520 0.009052
v -0.010589 0.191337 0.007528
v -0.008836 0.191337 0.006411
v -0.009207 0.188351 0.006004
v -0.011230 0.185365 0.009052
v -0.010589 0.185365 0.010576
v -0.011230 0.188351 0.010812
v -0.009207 0.188351 0.012100
v -0.008836 0.185365 0.011692
v -0.009207 0.183182 0.009052
v -0.006447 0.182383 0.009052
v -0.008836 0.183182 0.009932
v -0.007829 0.183182 0.010576
v -0.006447 0.183182 0.010812
v -0.008836 0.191337 0.011692
v -0.006447 0.191337 0.012100
v -0.006447 0.193520 0.010812
v -0.005068 0.193520 0.010576
v -0.004057 0.191337 0.011692
v -0.006447 0.194319 0.009052
v -0.007829 0.193520 0.007528
v -0.008836 0.193520 0.008172
v -0.008836 0.191337 0.006411
v -0.009207 0.188351 0.012100
v -0.008836 0.191337 0.011692
v -0.011230 0.188351 0.010812
v -0.009207 0.183182 0.009052
v -0.008836 0.183182 0.008172
v -0.006447 0.182383 0.009052
v -0.005068 0.183182 0.010576
v -0.006447 0.183182 0.010812
v -0.006447 0.182383 0.009052
v -0.008836 0.191337 0.011692
v -0.009207 0.188351 0.012100
v -0.006447 0.191337 0.012100
v -0.006447 0.188351 0.012572
v -0.008836 0.185365 0.011692
v -0.006447 0.185365 0.012100
v -0.006447 0.191337 0.012100
v -0.006447 0.188351 0.012572
v -0.004057 0.191337 0.011692
v -0.003690 0.188351 0.012100
v -0.006447 0.185365 0.012100
v -0.004057 0.185365 0.011692
v 0.018671 0.148893 -0.000358
v 0.045138 0.144164 -0.003695
v 0.018671 0.144164 -0.003695
v 0.018671 0.139435 -0.000358
v 0.045138 0.139435 -0.000358
v 0.045138 0.144164 0.002976
v 0.049370 0.138257 -0.000358
v 0.049370 0.144164 -0.000358
v 0.045138 0.144164 -0.003695
v 0.049370 0.149990 -0.000358
v 0.045138 0.148893 -0.000358
v 0.045138 0.144164 0.002976
v 0.018671 0.148893 -0.000358
v 0.018671 0.144164 0.002976
v 0.045138 0.148893 -0.000358
v 0.045138 0.144164 -0.003695
v 0.018671 0.148893 -0.000358
v 0.045138 0.139435 -0.000358
v 0.045138 0.144164 -0.003695
v 0.049370 0.138257 -0.000358
v 0.045138 0.144164 0.002976
v 0.049370 0.144164 -0.000358
v 0.049370 0.149990 -0.000358
v 0.018671 0.144164 0.002976
v 0.018671 0.139435 -0.000358
v 0.045138 0.144164 0.002976
v 0.003904 0.183595 0.012115
v 0.007301 0.188500 0.004036
v 0.001896 0.189048 0.012259
v 0.004613 0.193869 0.011751
v 0.010523 0.193479 0.010053
v 0.012977 0.197609 0.008889
v 0.012340 0.188331 0.009167
v 0.014420 0.188009 0.007768
v 0.010004 0.183293 0.010912
v 0.011588 0.181757 0.012794
v 0.003904 0.183595 0.012115
v 0.002486 0.182291 0.013262
v 0.001896 0.189048 0.012259
v 0.000838 0.189075 0.012896
v 0.004613 0.193869 0.011751
v 0.004800 0.199295 0.012489
v 0.012977 0.197609 0.008889
v 0.008590 0.205940 0.008320
v 0.014921 0.201936 0.005126
v -0.000001 0.191533 -0.018599
v 0.000107 0.210124 -0.015333
v 0.010782 0.190890 -0.016015
v 0.012426 0.207751 -0.012530
v 0.017937 0.203361 -0.009776
v 0.015162 0.208862 -0.000734
v 0.017886 0.203212 -0.002135
v 0.014921 0.201936 0.005126
v 0.015727 0.188588 0.001638
v 0.014420 0.188009 0.007768
v 0.015957 0.176824 0.002044
v 0.015586 0.176926 0.007601
v 0.015136 0.171127 0.002374
v 0.015054 0.171868 0.007467
v 0.000013 0.169506 0.015825
v 0.004782 0.169292 0.013896
v -0.000001 0.172532 0.014968
v 0.004761 0.172319 0.013896
v -0.000005 0.175027 0.014847
v 0.004797 0.174661 0.013933
v 0.004739 0.178043 0.014115
v 0.012585 0.177163 0.012533
v 0.011588 0.181757 0.012794
v 0.014420 0.188009 0.007768
v 0.010782 0.190890 -0.016015
v 0.017937 0.203361 -0.009776
v 0.016904 0.188686 -0.010000
v 0.017886 0.203212 -0.002135
v 0.016227 0.192234 -0.004941
v 0.015727 0.188588 0.001638
v 0.016162 0.178795 -0.005029
v 0.015957 0.176824 0.002044
v 0.014179 0.170457 -0.004462
v 0.015136 0.171127 0.002374
v -0.000005 0.175027 0.014847
v 0.004739 0.178043 0.014115
v -0.000001 0.176493 0.015014
v -0.000001 0.177996 0.021572
v 0.002486 0.182291 0.013262
v -0.000001 0.185003 0.014479
v 0.000838 0.189075 0.012896
v -0.000001 0.189099 0.013476
v 0.000096 0.199353 0.013229
v -0.000001 0.164631 -0.007863
v -0.000001 0.167617 -0.010435
v 0.007741 0.167210 -0.007809
v 0.008248 0.171239 -0.010222
v -0.000001 0.171774 -0.013255
v 0.009612 0.179438 -0.013287
v -0.000001 0.179573 -0.016399
v -0.000001 0.191533 -0.018599
v -0.000001 0.191533 -0.018599
v 0.010782 0.190890 -0.016015
v 0.009612 0.179438 -0.013287
v 0.015676 0.180220 -0.008541
v 0.008248 0.171239 -0.010222
v 0.014179 0.170457 -0.004462
v 0.007741 0.167210 -0.007809
v 0.013373 0.165227 -0.001953
v 0.014420 0.188009 0.007768
v 0.012585 0.177163 0.012533
v 0.015586 0.176926 0.007601
v 0.012574 0.173561 0.011032
v 0.004797 0.174661 0.013933
v 0.010076 0.171675 0.011995
v 0.004761 0.172319 0.013896
v 0.010523 0.193479 0.010053
v 0.007301 0.188500 0.004036
v 0.012340 0.188331 0.009167
v 0.010004 0.183293 0.010912
v 0.003904 0.183595 0.012115
v 0.000838 0.189075 0.012896
v 0.004800 0.199295 0.012489
v 0.000096 0.199353 0.013229
v 0.000107 0.200548 0.012875
v 0.008590 0.205940 0.008320
v 0.015054 0.171868 0.007467
v 0.015586 0.176926 0.007601
v 0.012574 0.173561 0.011032
v 0.011588 0.181757 0.012794
v 0.002486 0.182291 0.013262
v 0.004739 0.178043 0.014115
v 0.014420 0.188009 0.007768
v 0.014921 0.201936 0.005126
v 0.012977 0.197609 0.008889
v 0.008590 0.205940 0.008320
v 0.014921 0.201936 0.005126
v 0.015162 0.208862 -0.000734
v 0.015676 0.180220 -0.008541
v 0.016162 0.178795 -0.005029
v 0.014179 0.170457 -0.004462
v 0.015676 0.180220 -0.008541
v 0.010782 0.190890 -0.016015
v 0.016904 0.188686 -0.010000
v 0.000107 0.211451 -0.004677
v 0.012426 0.207751 -0.012530
v 0.000107 0.210124 -0.015333
v -0.007940 0.168568 0.005362
v 0.007942 0.168568 0.005362
v -0.000001 0.169350 0.002034
v -0.000001 0.169350 0.002034
v 0.007942 0.168568 0.005362
v -0.007940 0.168568 0.005362
v -0.013681 0.202244 0.005038
v -0.012983 0.197613 0.008891
v -0.005302 0.201807 0.012000
v -0.004798 0.199299 0.012489
v -0.004615 0.193869 0.011751
v -0.000839 0.189075 0.012896
v -0.001898 0.189048 0.012259
v -0.002484 0.182291 0.013262
v -0.003906 0.183595 0.012115
v -0.011586 0.181757 0.012794
v -0.010003 0.183293 0.010912
v -0.014422 0.188009 0.007768
v -0.012342 0.188331 0.009167
v -0.012983 0.197613 0.008891
v -0.010521 0.193479 0.010053
v -0.004615 0.193869 0.011751
v -0.007300 0.188500 0.004036
v -0.001898 0.189048 0.012259
v -0.003906 0.183595 0.012115
v -0.015052 0.171868 0.007469
v -0.015541 0.176939 0.008278
v -0.015142 0.171127 0.002378
v -0.015955 0.176824 0.002044
v -0.014422 0.188009 0.007768
v -0.015729 0.188588 0.001638
v -0.014778 0.200125 0.003813
v -0.017532 0.202322 -0.003151
v -0.012867 0.205372 0.000802
v -0.017780 0.203361 -0.008957
v -0.011885 0.207816 -0.012603
v -0.010780 0.190890 -0.016015
v 0.000107 0.210124 -0.015333
v -0.000001 0.191533 -0.018599
v -0.015142 0.171127 0.002378
v -0.015955 0.176824 0.002044
v -0.014177 0.170457 -0.004460
v -0.016164 0.178795 -0.005029
v -0.015729 0.188588 0.001638
v -0.016225 0.192234 -0.004941
v -0.017532 0.202322 -0.003151
v -0.016905 0.188686 -0.010000
v -0.017780 0.203361 -0.008957
v -0.010780 0.190890 -0.016015
v -0.014422 0.188009 0.007768
v -0.012587 0.177170 0.012528
v -0.011586 0.181757 0.012794
v -0.004741 0.178043 0.014613
v -0.004795 0.174658 0.013938
v -0.000005 0.175027 0.014847
v -0.004759 0.172319 0.013892
v -0.000001 0.172532 0.014968
v -0.004780 0.169292 0.013892
v 0.000013 0.169506 0.015825
v 0.000096 0.199353 0.013229
v -0.000839 0.189075 0.012896
v -0.000001 0.189099 0.013476
v -0.000001 0.185003 0.014479
v -0.002484 0.182291 0.013262
v -0.000001 0.177996 0.021572
v -0.004741 0.178043 0.014613
v -0.000001 0.176493 0.015014
v -0.000005 0.175027 0.014847
v -0.013371 0.165772 -0.001951
v -0.014177 0.170457 -0.004460
v -0.007739 0.167210 -0.007809
v -0.008246 0.171239 -0.010222
v -0.015675 0.180220 -0.008541
v -0.009614 0.179438 -0.013287
v -0.010780 0.190890 -0.016015
v -0.000001 0.191533 -0.018599
v -0.000001 0.191533 -0.018599
v -0.000001 0.179573 -0.016399
v -0.009614 0.179438 -0.013287
v -0.000001 0.171774 -0.013255
v -0.008246 0.171239 -0.010222
v -0.000001 0.167617 -0.010435
v -0.007739 0.167210 -0.007809
v -0.000001 0.164631 -0.007863
v -0.004759 0.172319 0.013892
v -0.004795 0.174658 0.013938
v -0.010075 0.171675 0.012000
v -0.012579 0.173558 0.011029
v -0.012587 0.177170 0.012528
v -0.015541 0.176939 0.008278
v -0.014422 0.188009 0.007768
v -0.003906 0.183595 0.012115
v -0.007300 0.188500 0.004036
v -0.010003 0.183293 0.010912
v -0.012342 0.188331 0.009167
v -0.010521 0.193479 0.010053
v -0.005302 0.201807 0.012000
v -0.004798 0.199299 0.012489
v 0.000107 0.200548 0.012875
v 0.000096 0.199353 0.013229
v -0.000839 0.189075 0.012896
v 0.000107 0.210124 -0.015333
v -0.011885 0.207816 -0.012603
v 0.000107 0.211451 -0.004677
v -0.012867 0.205372 0.000802
v -0.014422 0.188009 0.007768
v -0.012983 0.197613 0.008891
v -0.014778 0.200125 0.003813
v -0.013681 0.202244 0.005038
v -0.002484 0.182291 0.013262
v -0.011586 0.181757 0.012794
v -0.004741 0.178043 0.014613
v -0.015052 0.171868 0.007469
v -0.012579 0.173558 0.011029
v -0.015541 0.176939 0.008278
v -0.013681 0.202244 0.005038
v -0.012867 0.205372 0.000802
v -0.014778 0.200125 0.003813
v -0.015675 0.180220 -0.008541
v -0.016905 0.188686 -0.010000
v -0.010780 0.190890 -0.016015
v -0.016164 0.178795 -0.005029
v -0.015675 0.180220 -0.008541
v -0.014177 0.170457 -0.004460
v -0.016164 0.178795 -0.005029
v -0.018054 0.177864 -0.006561
v -0.015675 0.180220 -0.008541
v -0.017406 0.179164 -0.008424
v -0.018453 0.191147 -0.011750
v -0.015675 0.180220 -0.008541
v -0.016905 0.188686 -0.010000
v -0.018453 0.191147 -0.011750
v -0.018054 0.177864 -0.006561
v -0.019795 0.192535 -0.010243
v -0.016225 0.192234 -0.004941
v -0.016164 0.178795 -0.005029
v -0.016905 0.188686 -0.010000
v -0.018453 0.191147 -0.011750
v -0.016225 0.192234 -0.004941
v -0.019795 0.192535 -0.010243
v -0.004780 0.169292 0.013892
v -0.000001 0.169350 0.002034
v 0.000013 0.169506 0.015825
v 0.004782 0.169292 0.013896
v 0.007942 0.168568 0.005362
v -0.007940 0.168568 0.005362
v -0.000001 0.169350 0.002034
v -0.004780 0.169292 0.013892
v -0.006162 0.150995 -0.005014
v -0.000001 0.164631 -0.007863
v -0.000001 0.151016 -0.008257
v -0.000001 0.164631 -0.007863
v 0.006164 0.150999 -0.005016
v -0.000001 0.151016 -0.008257
v 0.016904 0.188686 -0.010000
v 0.018451 0.191147 -0.011750
v 0.015676 0.180220 -0.008541
v 0.017407 0.179164 -0.008424
v 0.018052 0.177864 -0.006561
v 0.015676 0.180220 -0.008541
v 0.016162 0.178795 -0.005029
v 0.016162 0.178795 -0.005029
v 0.018052 0.177864 -0.006561
v 0.016227 0.192234 -0.004941
v 0.019794 0.192535 -0.010243
v 0.018451 0.191147 -0.011750
v 0.019794 0.192535 -0.010243
v 0.018451 0.191147 -0.011750
v 0.016227 0.192234 -0.004941
v 0.016904 0.188686 -0.010000
v 0.015162 0.208862 -0.000734
v 0.008540 0.208415 0.008770
v 0.008590 0.205940 0.008320
v 0.000107 0.200548 0.012875
v 0.000057 0.204211 0.014101
v -0.005302 0.201807 0.012000
v -0.005576 0.204170 0.013145
v -0.013681 0.202244 0.005038
v -0.012605 0.207041 0.006311
v -0.012867 0.205372 0.000802
v -0.011583 0.208831 0.002608
v 0.000107 0.211451 -0.004677
v 0.000017 0.213594 -0.001888
v 0.012426 0.207751 -0.012530
v 0.015162 0.208862 -0.000734
v 0.000057 0.204211 0.014101
v 0.000017 0.211113 0.007202
v -0.005576 0.204170 0.013145
v -0.012605 0.207041 0.006311
v 0.000017 0.213594 -0.001888
v -0.011583 0.208831 0.002608
v 0.000057 0.204211 0.014101
v 0.008540 0.208415 0.008770
v 0.000017 0.211113 0.007202
v 0.000017 0.213594 -0.001888
v 0.015162 0.208862 -0.000734
v 0.009839 0.033675 -0.003695
v 0.014849 0.056004 -0.000034
v 0.015025 0.038421 -0.000034
v 0.009839 0.033675 0.003620
v 0.009662 0.055973 0.003620
v 0.004473 0.055939 -0.000034
v 0.003479 0.060574 -0.000034
v 0.009662 0.055973 -0.003695
v 0.009634 0.060614 -0.000034
v 0.015784 0.060651 -0.000034
v 0.009662 0.055973 0.003620
v 0.014849 0.056004 -0.000034
v 0.009839 0.033675 0.003620
v 0.004473 0.055939 -0.000034
v 0.004653 0.038357 -0.000034
v 0.009839 0.033675 -0.003695
v 0.009662 0.055973 -0.003695
v 0.014849 0.056004 -0.000034
v 0.015784 0.060651 -0.000034
v 0.003479 0.060574 -0.000034
v 0.009662 0.055973 0.003620
v 0.009634 0.060614 -0.000034
v 0.018998 0.042977 -0.000034
v 0.009839 0.034091 -0.007360
v 0.015025 0.038421 -0.000034
v 0.009839 0.033675 -0.003695
v 0.000258 0.041921 -0.000034
v 0.004653 0.038357 -0.000034
v 0.009839 0.034091 0.009190
v 0.009839 0.033675 0.003620
v 0.018998 0.042977 -0.000034
v 0.015025 0.038421 -0.000034
v 0.009742 0.000087 0.035720
v 0.001709 0.005019 0.017540
v 0.001413 0.000002 0.017540
v 0.001842 0.000314 -0.000686
v 0.002450 0.010659 -0.000034
v 0.009810 0.000842 -0.007886
v 0.009799 0.011448 -0.007769
v 0.017591 0.000043 0.000062
v 0.016900 0.010825 -0.000034
v 0.017469 0.005398 0.017540
v 0.009792 0.011881 0.007825
v 0.009727 0.007487 0.019078
v 0.001709 0.005019 0.017540
v 0.009742 0.000087 0.035720
v 0.016900 0.010825 -0.000034
v 0.009799 0.011448 -0.007769
v 0.009839 0.034091 -0.007360
v 0.002450 0.010659 -0.000034
v 0.000258 0.041921 -0.000034
v 0.009792 0.011881 0.007825
v 0.009839 0.034091 0.009190
v 0.016900 0.010825 -0.000034
v 0.018998 0.042977 -0.000034
v 0.009839 0.034091 -0.007360
v 0.017591 0.000043 0.000062
v 0.017469 0.005398 0.017540
v 0.017818 0.000273 0.017540
v 0.009742 0.000087 0.035720
v 0.009727 0.007487 0.019078
v 0.001709 0.005019 0.017540
v 0.009792 0.011881 0.007825
v 0.002450 0.010659 -0.000034
v 0.009799 0.007518 -0.007648
v 0.009799 0.014518 -0.007709
v 0.009799 0.007460 -0.014650
v 0.009799 0.014457 -0.014708
v 0.009810 0.000842 -0.007886
v 0.017591 0.000043 0.000062
v 0.001842 0.000314 -0.000686
v 0.017818 0.000273 0.017540
v 0.001413 0.000002 0.017540
v 0.009742 0.000087 0.035720
v -0.014847 0.056004 -0.000034
v -0.015786 0.060651 -0.000034
v -0.009661 0.055973 -0.003695
v -0.009632 0.060614 -0.000034
v -0.009661 0.055973 0.003620
v -0.003481 0.060574 -0.000034
v -0.004474 0.055939 -0.000034
v -0.009661 0.055973 -0.003695
v -0.009837 0.033675 -0.003695
v -0.014847 0.056004 -0.000034
v -0.015023 0.038421 -0.000034
v -0.009837 0.033675 0.003620
v -0.009837 0.033675 -0.003695
v -0.004474 0.055939 -0.000034
v -0.004651 0.038357 -0.000034
v -0.009837 0.033675 0.003620
v -0.009661 0.055973 0.003620
v -0.014847 0.056004 -0.000034
v -0.015786 0.060651 -0.000034
v -0.003481 0.060574 -0.000034
v -0.009661 0.055973 -0.003695
v -0.009632 0.060614 -0.000034
v -0.004651 0.038357 -0.000034
v -0.009837 0.033675 0.003620
v -0.009837 0.034091 0.009190
v -0.018996 0.042977 -0.000034
v -0.015023 0.038421 -0.000034
v -0.009837 0.034091 -0.007360
v -0.009837 0.033675 -0.003695
v -0.000256 0.041921 -0.000034
v -0.004651 0.038357 -0.000034
v -0.009837 0.034091 0.009190
v -0.001412 0.000002 0.017540
v -0.001707 0.005019 0.017540
v -0.009740 0.000087 0.035720
v -0.009725 0.007487 0.019078
v -0.009790 0.011881 0.007825
v -0.017467 0.005398 0.017540
v -0.016902 0.010825 -0.000034
v -0.017589 0.000043 0.000062
v -0.009801 0.011448 -0.007769
v -0.009812 0.000842 -0.007886
v -0.002448 0.010659 -0.000034
v -0.001844 0.000314 -0.000686
v -0.001707 0.005019 0.017540
v -0.001412 0.000002 0.017540
v -0.009837 0.034091 -0.007360
v -0.016902 0.010825 -0.000034
v -0.018996 0.042977 -0.000034
v -0.009837 0.034091 0.009190
v -0.009790 0.011881 0.007825
v -0.000256 0.041921 -0.000034
v -0.002448 0.010659 -0.000034
v -0.009837 0.034091 -0.007360
v -0.009801 0.011448 -0.007769
v -0.016902 0.010825 -0.000034
v -0.009725 0.007487 0.019078
v -0.017467 0.005398 0.017540
v -0.009740 0.000087 0.035720
v -0.017816 0.000273 0.017540
v -0.017589 0.000043 0.000062
v -0.002448 0.010659 -0.000034
v -0.009790 0.011881 0.007825
v -0.001707 0.005019 0.017540
v -0.009801 0.007518 -0.007648
v -0.009801 0.014518 -0.007709
v -0.009801 0.007460 -0.014650
v -0.009801 0.014457 -0.014708
v -0.009740 0.000087 0.035720
v -0.017816 0.000273 0.017540
v -0.001412 0.000002 0.017540
v -0.001844 0.000314 -0.000686
v -0.017589 0.000043 0.000062
v -0.009812 0.000842 -0.007886
v 0.008842 0.191337 0.006411
v 0.008842 0.193520 0.008172
v 0.010591 0.191337 0.007528
v 0.009213 0.193520 0.009052
v 0.006452 0.194319 0.009052
v 0.008842 0.193520 0.009932
v 0.007831 0.193520 0.010576
v 0.010591 0.191337 0.010576
v 0.008842 0.191337 0.011692
v 0.011232 0.188351 0.010812
v 0.009213 0.188351 0.012100
v 0.010591 0.185365 0.010576
v 0.008842 0.185365 0.011692
v 0.008842 0.183182 0.009932
v 0.007831 0.183182 0.010576
v 0.006452 0.182383 0.009052
v 0.006452 0.183182 0.010812
v 0.005074 0.184086 0.010576
v 0.004062 0.185365 0.011692
v 0.002313 0.185365 0.010576
v 0.001673 0.188351 0.010812
v 0.000931 0.188351 0.009052
v 0.001673 0.191337 0.009052
v 0.006452 0.182383 0.009052
v 0.009213 0.183182 0.009052
v 0.008842 0.183182 0.009932
v 0.010591 0.185365 0.010576
v 0.011232 0.185365 0.009052
v 0.011232 0.188351 0.010812
v 0.011973 0.188351 0.009052
v 0.010591 0.191337 0.010576
v 0.011232 0.191337 0.009052
v 0.008842 0.193520 0.009932
v 0.009213 0.193520 0.009052
v 0.004062 0.185365 0.011692
v 0.003692 0.188351 0.012100
v 0.001673 0.188351 0.010812
v 0.002313 0.191337 0.010576
v 0.004062 0.191337 0.011692
v 0.004062 0.193520 0.009932
v 0.005074 0.193520 0.010576
v 0.006452 0.194319 0.009052
v 0.006452 0.193520 0.010812
v 0.007831 0.193520 0.010576
v 0.008842 0.191337 0.011692
v 0.009213 0.193520 0.009052
v 0.011232 0.191337 0.009052
v 0.010591 0.191337 0.007528
v 0.011232 0.188351 0.007291
v 0.011973 0.188351 0.009052
v 0.010591 0.185365 0.007528
v 0.011232 0.185365 0.009052
v 0.008842 0.183182 0.008172
v 0.009213 0.183182 0.009052
v 0.006452 0.182383 0.009052
v 0.006452 0.194319 0.009052
v 0.003692 0.193520 0.009052
v 0.004062 0.193520 0.009932
v 0.002313 0.191337 0.010576
v 0.001673 0.191337 0.009052
v 0.001673 0.188351 0.010812
v 0.006452 0.182383 0.009052
v 0.004062 0.183182 0.009932
v 0.003692 0.183182 0.009052
v 0.001673 0.185365 0.009052
v 0.002313 0.185365 0.010576
v 0.000931 0.188351 0.009052
v 0.004062 0.191337 0.011692
v 0.006452 0.191337 0.012100
v 0.005074 0.193520 0.010576
v 0.006452 0.193520 0.010812
v 0.008842 0.191337 0.011692
v 0.008842 0.185365 0.011692
v 0.006452 0.185365 0.012100
v 0.007831 0.183182 0.010576
v 0.006452 0.183182 0.010812
v 0.004062 0.185365 0.011692
v 0.002313 0.185365 0.010576
v 0.004062 0.183182 0.009932
v 0.005074 0.184086 0.010576
v 0.006452 0.182383 0.009052
v 0.008842 0.191337 0.006411
v 0.010591 0.191337 0.007528
v 0.009213 0.188351 0.006004
v 0.011232 0.188351 0.007291
v 0.009213 0.188351 0.006004
v 0.011232 0.188351 0.007291
v 0.008842 0.185365 0.006411
v 0.010591 0.185365 0.007528
v 0.008842 0.185365 0.006411
v 0.010591 0.185365 0.007528
v 0.007831 0.183182 0.007528
v 0.008842 0.183182 0.008172
v 0.007831 0.193520 0.007528
v 0.006452 0.194319 0.009052
v 0.008842 0.193520 0.008172
v 0.007831 0.193520 0.007528
v 0.008842 0.193520 0.008172
v 0.008842 0.191337 0.006411
v 0.007831 0.183182 0.007528
v 0.008842 0.183182 0.008172
v 0.006452 0.182383 0.009052
v 0.004062 0.185365 0.011692
v 0.006452 0.185365 0.012100
v 0.003692 0.188351 0.012100
v 0.006452 0.188351 0.012572
v 0.008842 0.185365 0.011692
v 0.009213 0.188351 0.012100
v 0.003692 0.188351 0.012100
v 0.006452 0.188351 0.012572
v 0.004062 0.191337 0.011692
v 0.006452 0.191337 0.012100
v 0.009213 0.188351 0.012100
v 0.008842 0.191337 0.011692
v -0.010028 0.080272 0.011500
v -0.014329 0.079923 0.013783
v -0.014177 0.079067 0.003487
v -0.018482 0.078722 0.005767
v -0.014329 0.079923 0.013783
v -0.017906 0.102347 0.013921
v -0.018482 0.078722 0.005767
v -0.024823 0.100343 0.000564
v -0.018482 0.078722 0.005767
v -0.024823 0.100343 0.000564
v -0.014177 0.079067 0.003487
v -0.017650 0.100918 -0.003237
v -0.010730 0.102922 0.010118
v -0.017650 0.100918 -0.003237
v -0.017906 0.102347 0.013921
v -0.024823 0.100343 0.000564
v -0.014177 0.079067 0.003487
v -0.017650 0.100918 -0.003237
v -0.010028 0.080272 0.011500
v -0.010730 0.102922 0.010118
v -0.010028 0.080272 0.011500
v -0.010730 0.102922 0.010118
v -0.014329 0.079923 0.013783
v -0.017906 0.102347 0.013921
v -0.018842 0.200209 -0.013100
v -0.037186 0.202325 -0.014685
v -0.018532 0.201018 0.006020
v -0.034663 0.205341 0.014772
v -0.006659 0.201397 0.015025
v -0.006195 0.205182 0.037018
v 0.006722 0.201387 0.014774
v 0.006258 0.205182 0.037018
v 0.018901 0.200209 -0.013096
v 0.037249 0.202325 -0.014691
v 0.027888 0.201103 -0.028596
v -0.027828 0.201103 -0.028592
v -0.018842 0.200209 -0.013100
v 0.000028 0.201238 -0.037239
v 0.000028 0.199894 -0.020547
v 0.027888 0.201103 -0.028596
v 0.018901 0.200209 -0.013096
v -0.018842 0.200209 -0.013100
v -0.027828 0.201103 -0.028592
v -0.037186 0.202325 -0.014685
v 0.000028 0.199894 -0.020547
v 0.013089 0.220239 -0.010688
v 0.018901 0.200209 -0.013096
v 0.018595 0.201018 0.006025
v 0.011336 0.220839 0.003501
v 0.001727 0.221841 0.009748
v 0.013089 0.220239 -0.010688
v 0.000028 0.199894 -0.020547
v -0.000055 0.220013 -0.016042
v -0.013198 0.220239 -0.010688
v -0.018842 0.200209 -0.013100
v -0.018532 0.201018 0.006020
v 0.018595 0.201018 0.006025
v 0.001727 0.221841 0.009748
v 0.006722 0.201387 0.014774
v -0.006659 0.201397 0.015025
v -0.001836 0.221841 0.009748
v -0.013198 0.220239 -0.010688
v -0.018532 0.201018 0.006020
v -0.011449 0.220839 0.003497
v -0.001836 0.221841 0.009748
v -0.006659 0.201397 0.015025
v 0.013089 0.220239 -0.010688
v -0.011449 0.220839 0.003497
v 0.011336 0.220839 0.003501
v 0.001727 0.221841 0.009748
v -0.001836 0.221841 0.009748
v -0.013198 0.220239 -0.010688
v -0.011449 0.220839 0.003497
v -0.000055 0.220013 -0.016042
v 0.013089 0.220239 -0.010688
v 0.037249 0.202325 -0.014691
v 0.018901 0.200209 -0.013096
v 0.034729 0.205341 0.014765
v 0.018595 0.201018 0.006025
v 0.006258 0.205182 0.037018
v 0.006722 0.201387 0.014774
v 0.084367 0.144208 -0.004502
v 0.053603 0.148890 -0.000358
v 0.084367 0.148277 -0.000266
v 0.084367 0.144208 0.003967
v 0.053603 0.144161 0.002976
v 0.053603 0.139432 -0.000358
v 0.053603 0.148890 -0.000358
v 0.084367 0.144208 -0.004502
v 0.053603 0.144161 -0.003695
v 0.053603 0.139432 -0.000358
v 0.084367 0.140139 -0.000266
v 0.084367 0.144208 0.003967
v 0.084367 0.140139 -0.000266
v 0.084367 0.144208 -0.004502
v 0.084367 0.144208 0.003967
v 0.084367 0.148277 -0.000266
v 0.053603 0.139432 -0.000358
v 0.049374 0.138247 -0.000358
v 0.053603 0.144161 -0.003695
v 0.049374 0.144161 -0.000358
v 0.053603 0.144161 0.002976
v 0.049370 0.149990 -0.000358
v 0.053603 0.148890 -0.000358
v 0.053603 0.144161 -0.003695
v 0.053603 0.144161 -0.003695
v 0.049374 0.144161 -0.000358
v 0.049370 0.149990 -0.000358
v 0.053603 0.139432 -0.000358
v 0.053603 0.144161 0.002976
v 0.049374 0.138247 -0.000358
v 0.083784 0.145163 0.001222
v 0.089798 0.146432 0.005448
v 0.083784 0.145163 -0.001874
v 0.089074 0.146432 -0.005923
v 0.083798 0.142438 -0.001587
v 0.089064 0.141669 -0.006036
v 0.083798 0.142438 0.000936
v 0.089521 0.140671 0.005209
v 0.083784 0.145163 0.001222
v 0.089798 0.146432 0.005448
v 0.089798 0.146432 0.005448
v 0.100199 0.145075 0.005924
v 0.089074 0.146432 -0.005923
v 0.100224 0.145420 -0.006691
v 0.089064 0.141669 -0.006036
v 0.100177 0.142092 -0.006735
v 0.089521 0.140671 0.005209
v 0.099987 0.141642 0.005703
v 0.089798 0.146432 0.005448
v 0.100199 0.145075 0.005924
v 0.111817 0.142434 0.004835
v 0.099987 0.141642 0.005703
v 0.111521 0.142434 -0.006168
v 0.100177 0.142092 -0.006735
v 0.111521 0.142434 -0.006168
v 0.100177 0.142092 -0.006735
v 0.111521 0.143602 -0.006168
v 0.100224 0.145420 -0.006691
v 0.111817 0.143602 0.004835
v 0.100199 0.145075 0.005924
v 0.111817 0.142434 0.004835
v 0.099987 0.141642 0.005703
v 0.111817 0.143602 0.004835
v 0.111817 0.142434 0.004835
v 0.111521 0.143602 -0.006168
v 0.111521 0.142434 -0.006168
v 0.101243 0.136331 0.010367
v 0.099490 0.135010 0.011623
v 0.095380 0.142319 0.003441
v 0.090147 0.140853 0.003277
v 0.099558 0.136791 0.012875
v 0.090305 0.142996 0.005019
v 0.101099 0.137671 0.011496
v 0.095074 0.143863 0.004885
v 0.101243 0.136331 0.010367
v 0.095380 0.142319 0.003441
v 0.101099 0.137671 0.011496
v 0.099558 0.136791 0.012875
v 0.101243 0.136331 0.010367
v 0.099490 0.135010 0.011623
v -0.053604 0.148890 -0.000358
v -0.049372 0.149990 -0.000358
v -0.053604 0.144161 -0.003695
v -0.049372 0.144161 -0.000358
v -0.053604 0.144161 0.002976
v -0.049372 0.138247 -0.000358
v -0.053604 0.139432 -0.000358
v -0.053604 0.144161 -0.003695
v -0.084365 0.144208 -0.004502
v -0.053604 0.148890 -0.000358
v -0.084365 0.148277 -0.000266
v -0.084365 0.144208 0.003967
v -0.084365 0.144208 -0.004502
v -0.053604 0.139432 -0.000358
v -0.084365 0.140139 -0.000266
v -0.084365 0.144208 0.003967
v -0.053604 0.144161 0.002976
v -0.053604 0.148890 -0.000358
v -0.049372 0.149990 -0.000358
v -0.049372 0.138247 -0.000358
v -0.053604 0.144161 -0.003695
v -0.049372 0.144161 -0.000358
v -0.084365 0.140139 -0.000266
v -0.084365 0.144208 0.003967
v -0.084365 0.144208 -0.004502
v -0.084365 0.148277 -0.000266
v -0.100201 0.145075 0.005924
v -0.099988 0.141642 0.005703
v -0.089800 0.146432 0.005448
v -0.089519 0.140671 0.005209
v -0.100176 0.142092 -0.006735
v -0.089062 0.141669 -0.006036
v -0.100226 0.145420 -0.006691
v -0.089073 0.146432 -0.005923
v -0.100201 0.145075 0.005924
v -0.089800 0.146432 0.005448
v -0.089800 0.146432 0.005448
v -0.089519 0.140671 0.005209
v -0.083782 0.145163 0.001222
v -0.083797 0.142438 0.000936
v -0.089062 0.141669 -0.006036
v -0.083797 0.142438 -0.001587
v -0.089073 0.146432 -0.005923
v -0.083782 0.145163 -0.001874
v -0.089800 0.146432 0.005448
v -0.083782 0.145163 0.001222
v -0.111818 0.142434 0.004835
v -0.111520 0.142434 -0.006168
v -0.099988 0.141642 0.005703
v -0.100176 0.142092 -0.006735
v -0.099988 0.141642 0.005703
v -0.100201 0.145075 0.005924
v -0.111818 0.142434 0.004835
v -0.111818 0.143602 0.004835
v -0.100226 0.145420 -0.006691
v -0.111520 0.143602 -0.006168
v -0.100176 0.142092 -0.006735
v -0.111520 0.142434 -0.006168
v -0.111818 0.143602 0.004835
v -0.111520 0.143602 -0.006168
v -0.111818 0.142434 0.004835
v -0.111520 0.142434 -0.006168
v -0.099492 0.135010 0.011623
v -0.101241 0.136331 0.010367
v -0.095378 0.142319 0.003441
v -0.095076 0.143863 0.004885
v -0.101097 0.137671 0.011496
v -0.090304 0.142996 0.005019
v -0.099560 0.136791 0.012875
v -0.090145 0.140853 0.003277
v -0.099492 0.135010 0.011623
v -0.095378 0.142319 0.003441
v -0.101097 0.137671 0.011496
v -0.101241 0.136331 0.010367
v -0.099560 0.136791 0.012875
v -0.099492 0.135010 0.011623
v 0.008824 0.197122 0.010866
v 0.003746 0.197227 0.012631
v 0.008773 0.196130 0.010802
v 0.003695 0.196235 0.012564
v 0.013355 0.194756 0.009133
v 0.008824 0.197122 0.010866
v 0.008773 0.196130 0.010802
v -0.003694 0.196235 0.012564
v -0.003747 0.197227 0.012631
v -0.008772 0.196130 0.010802
v -0.008822 0.197122 0.010866
v -0.008822 0.197122 0.010866
v -0.013353 0.194756 0.009133
v -0.008772 0.196130 0.010802
v 0.014179 0.170457 -0.004462
v 0.015136 0.171127 0.002374
v 0.014517 0.164103 0.002947
v 0.015054 0.171868 0.007467
v 0.014186 0.163084 0.008094
v 0.012574 0.173561 0.011032
v 0.011836 0.164881 0.010580
v 0.010076 0.171675 0.011995
v 0.009569 0.166831 0.012041
v 0.007417 0.169279 0.012775
v 0.005120 0.165941 0.014117
v 0.004721 0.169204 0.013900
v -0.000001 0.165768 0.014985
v 0.000003 0.169191 0.015643
v 0.005120 0.165941 0.014117
v 0.005973 0.160098 0.014891
v 0.009569 0.166831 0.012041
v 0.011836 0.164881 0.010580
v 0.007186 0.156134 0.011218
v 0.014186 0.163084 0.008094
v 0.008115 0.156588 0.006390
v 0.014517 0.164103 0.002947
v 0.013373 0.165227 -0.001953
v 0.014179 0.170457 -0.004462
v -0.000001 0.156253 0.006560
v 0.007186 0.156134 0.011218
v -0.000001 0.155538 0.011372
v -0.000001 0.159719 0.016011
v 0.005973 0.160098 0.014891
v -0.000001 0.165768 0.014985
v 0.005120 0.165941 0.014117
v 0.007291 0.156466 0.005479
v 0.008115 0.156588 0.006390
v -0.000001 0.156215 0.005661
v -0.000001 0.156253 0.006560
v 0.007186 0.156134 0.011218
v 0.010076 0.171675 0.011995
v 0.004761 0.172319 0.013896
v 0.007417 0.169279 0.012775
v 0.004782 0.169292 0.013896
v 0.007291 0.156466 0.005479
v 0.013373 0.165227 -0.001953
v 0.008115 0.156588 0.006390
v 0.000003 0.169191 0.015643
v -0.004719 0.169204 0.013900
v -0.000001 0.165768 0.014985
v -0.005115 0.165941 0.014122
v -0.007422 0.169282 0.012779
v -0.009574 0.166831 0.012039
v -0.010075 0.171675 0.012000
v -0.011838 0.164878 0.010580
v -0.012579 0.173558 0.011029
v -0.014188 0.163077 0.008098
v -0.015052 0.171868 0.007469
v -0.014519 0.164106 0.002949
v -0.015142 0.171127 0.002378
v -0.014177 0.170457 -0.004460
v -0.014177 0.170457 -0.004460
v -0.013371 0.165772 -0.001951
v -0.014519 0.164106 0.002949
v -0.008117 0.156588 0.006390
v -0.014188 0.163077 0.008098
v -0.007185 0.156134 0.011218
v -0.011838 0.164878 0.010580
v -0.005972 0.160098 0.014891
v -0.009574 0.166831 0.012039
v -0.005115 0.165941 0.014122
v -0.005115 0.165941 0.014122
v -0.005972 0.160098 0.014891
v -0.000001 0.165768 0.014985
v -0.000001 0.159719 0.016011
v -0.007185 0.156134 0.011218
v -0.000001 0.155538 0.011372
v -0.000001 0.156253 0.006560
v -0.007185 0.156134 0.011218
v -0.008117 0.156588 0.006390
v -0.000001 0.156253 0.006560
v -0.000001 0.156215 0.005661
v -0.007293 0.156466 0.005479
v -0.010075 0.171675 0.012000
v -0.007422 0.169282 0.012779
v -0.004759 0.172319 0.013892
v -0.004780 0.169292 0.013892
v -0.007293 0.156466 0.005479
v -0.008117 0.156588 0.006390
v -0.013371 0.165772 -0.001951
v 0.004782 0.169292 0.013896
v 0.007942 0.168568 0.005362
v 0.007417 0.169279 0.012775
v 0.004721 0.169204 0.013900
v -0.000001 0.169350 0.002034
v 0.000003 0.169191 0.015643
v -0.004719 0.169204 0.013900
v -0.000001 0.169350 0.002034
v -0.007940 0.168568 0.005362
v -0.004719 0.169204 0.013900
v -0.007422 0.169282 0.012779
v -0.004780 0.169292 0.013892
v 0.005675 0.156148 0.003108
v 0.009536 0.162657 -0.001550
v 0.007291 0.156466 0.005479
v 0.013373 0.165227 -0.001953
v 0.006103 0.164015 -0.006091
v 0.007741 0.167210 -0.007809
v -0.000001 0.164631 -0.007863
v 0.007291 0.156466 0.005479
v -0.000001 0.156215 0.005661
v 0.005675 0.156148 0.003108
v -0.000001 0.155075 0.005178
v -0.000001 0.155075 0.005178
v -0.000001 0.156215 0.005661
v -0.005677 0.156148 0.003108
v -0.007293 0.156466 0.005479
v -0.000001 0.164631 -0.007863
v -0.006101 0.164015 -0.006091
v -0.007739 0.167210 -0.007809
v -0.013371 0.165772 -0.001951
v -0.009535 0.162657 -0.001550
v -0.007293 0.156466 0.005479
v -0.005677 0.156148 0.003108
v -0.000001 0.164631 -0.007863
v -0.006162 0.150995 -0.005014
v -0.006101 0.164015 -0.006091
v -0.009535 0.162657 -0.001550
v -0.008038 0.151290 0.000428
v -0.005677 0.156148 0.003108
v -0.000001 0.149387 0.005479
v -0.000001 0.155075 0.005178
v 0.008414 0.151192 0.000844
v 0.005675 0.156148 0.003108
v 0.009536 0.162657 -0.001550
v 0.008414 0.151192 0.000844
v 0.006164 0.150999 -0.005016
v 0.009536 0.162657 -0.001550
v 0.006103 0.164015 -0.006091
v -0.000001 0.164631 -0.007863
vn 0.7175 0.6966 0.0001
vn 0.0552 0.0001 -0.9985
vn -0.0000 1.0000 -0.0000
vn -0.0368 -0.0000 -0.9993
vn -0.0000 -1.0000 0.0001
vn 0.0298 -0.9996 -0.0000
vn -0.0375 -0.0000 0.9993
vn -0.7167 -0.6973 -0.0000
vn -0.9999 -0.0168 -0.0001
vn -0.0369 -0.0000 -0.9993
vn -0.7251 0.6887 0.0001
vn 0.0303 0.9995 -0.0000
vn -0.0374 -0.0001 0.9993
vn 0.0001 1.0000 -0.0001
vn 0.0561 -0.0000 0.9984
vn 0.7175 0.6966 -0.0000
vn 0.9999 -0.0168 -0.0001
vn 0.0553 -0.0000 -0.9985
vn 0.7093 -0.7049 -0.0000
vn 0.0561 0.0001 0.9984
vn -0.0374 0.0001 0.9993
vn 0.9999 -0.0169 -0.0001
vn 0.0560 -0.0000 0.9984
vn 0.7094 -0.7048 0.0001
vn 0.0302 0.9995 0.0001
vn 0.0001 1.0000 -0.0000
vn -0.0369 0.0001 -0.9993
vn 0.0297 -0.9996 0.0001
vn -0.7167 -0.6974 -0.0000
vn -0.0373 0.0001 0.9993
vn -0.7251 0.6887 -0.0001
vn -0.0001 -0.0299 0.9996
vn -0.3108 0.0426 0.9495
vn -0.3788 -0.0559 0.9238
vn -0.9928 0.0503 -0.1084
vn -0.9557 0.2830 -0.0810
vn -0.3111 0.0320 -0.9498
vn -0.2251 0.1664 -0.9600
vn 0.0091 0.0392 -0.9992
vn 0.0093 0.1284 -0.9917
vn 0.2254 0.1563 -0.9617
vn 0.4023 0.0902 -0.9111
vn 0.5265 0.5739 0.6273
vn -0.3787 -0.0559 0.9238
vn -0.9928 0.0503 -0.1087
vn -0.9829 -0.1823 0.0268
vn -0.4121 -0.0561 -0.9094
vn 0.0091 -0.0392 -0.9992
vn 0.0092 0.0392 -0.9992
vn 0.3019 0.0321 -0.9528
vn 0.9561 0.2880 -0.0547
vn 0.5264 0.5739 0.6273
vn -0.5588 0.6386 0.5290
vn -0.9556 0.2831 -0.0811
vn -0.1890 0.2115 0.9589
vn -0.3108 0.0427 0.9495
vn -0.0000 0.0695 0.9976
vn 0.0001 -0.0298 0.9996
vn 0.3018 0.0428 0.9524
vn 0.3786 -0.0670 0.9231
vn 0.9972 0.0513 -0.0553
vn 0.9812 -0.1851 0.0545
vn -0.5588 0.6386 0.5291
vn -0.0427 0.4315 0.9011
vn -0.0000 0.1626 0.9867
vn 0.0001 0.0697 0.9976
vn 0.1799 0.2017 0.9628
vn 0.9561 0.2880 -0.0549
vn 0.9971 0.0514 -0.0553
vn 0.9812 -0.1851 0.0546
vn 0.4033 -0.0564 -0.9133
vn 0.9971 0.0513 -0.0554
vn 0.0093 -0.0392 -0.9992
vn 0.4022 0.0902 -0.9111
vn 0.0093 0.1285 -0.9917
vn -0.0092 0.0393 -0.9992
vn -0.4109 0.0897 -0.9072
vn -0.2250 0.1664 -0.9600
vn 0.5264 0.5740 0.6273
vn 0.1799 0.2016 0.9628
vn -0.0001 0.1624 0.9867
vn -0.9556 0.2833 -0.0811
vn -0.2251 0.1665 -0.9600
vn -0.4111 0.0898 -0.9072
vn 0.9560 0.2881 -0.0549
vn 0.9971 0.0512 -0.0555
vn 0.3018 0.0321 -0.9528
vn 0.1798 0.2017 0.9628
vn 0.9560 0.2881 -0.0548
vn -0.0735 -0.0000 -0.9973
vn -0.9296 0.3685 -0.0000
vn -0.0153 0.9999 -0.0000
vn -0.0747 0.0001 0.9972
vn -0.9999 -0.0168 0.0002
vn -0.9238 -0.3828 -0.0000
vn -0.0149 -0.9999 0.0001
vn -0.9296 0.3685 0.0001
vn -0.0736 0.0003 -0.9973
vn -0.0149 -0.9999 -0.0000
vn -0.0748 0.0001 0.9972
vn -0.9238 -0.3829 0.0001
vn -0.6438 0.6237 0.4432
vn -0.7306 0.4723 0.4931
vn -0.5532 0.5738 0.6039
vn -0.5551 0.3279 0.7644
vn -0.2543 0.4114 0.8753
vn -0.2339 0.2272 0.9453
vn -0.0513 0.3490 0.9357
vn -0.0193 0.1951 0.9806
vn 0.1466 0.3672 0.9185
vn 0.1890 0.2116 0.9589
vn 0.3203 0.4256 0.8464
vn 0.3411 0.2040 0.9176
vn 0.3434 0.1217 0.9313
vn 0.3413 0.2040 0.9176
vn 0.2494 0.1167 0.9613
vn 0.1891 0.2115 0.9589
vn 0.0280 0.0991 0.9947
vn -0.0193 0.1950 0.9806
vn -0.1830 0.1024 0.9778
vn -0.2340 0.2270 0.9454
vn -0.4718 0.1433 0.8700
vn -0.5552 0.3278 0.7644
vn -0.8032 0.2093 0.5578
vn -0.7307 0.4721 0.4932
vn -0.7897 -0.2209 -0.5723
vn -0.9413 -0.2625 -0.2124
vn -0.8877 -0.3579 0.2897
vn -0.6173 -0.1837 0.7650
vn -0.4947 -0.3130 0.8108
vn -0.2587 -0.1164 0.9589
vn -0.1887 -0.2216 0.9567
vn -0.0372 -0.0991 0.9944
vn 0.0096 -0.2049 0.9787
vn 0.1641 -0.1129 0.9800
vn 0.2207 -0.2238 0.9493
vn 0.3430 -0.1326 0.9299
vn 0.3257 -0.2998 0.8967
vn 0.3186 -0.4355 0.8420
vn 0.3256 -0.3000 0.8966
vn 0.2398 -0.4058 0.8820
vn 0.2206 -0.2240 0.9493
vn 0.0404 -0.3435 0.9383
vn 0.0096 -0.2050 0.9787
vn -0.1466 -0.3672 0.9185
vn -0.1886 -0.2217 0.9567
vn -0.3945 -0.4829 0.7818
vn -0.4946 -0.3130 0.8108
vn -0.6439 -0.6237 0.4432
vn -0.8876 -0.3581 0.2898
vn 0.7239 0.4771 0.4984
vn 0.5466 0.3300 0.7696
vn 0.7980 0.2121 0.5641
vn 0.4630 0.1441 0.8746
vn 0.2243 0.2276 0.9476
vn 0.1737 0.1025 0.9794
vn 0.0097 0.1950 0.9808
vn -0.0372 0.0991 0.9944
vn -0.1987 0.2111 0.9571
vn -0.2587 0.1163 0.9589
vn -0.3506 0.2033 0.9142
vn -0.3526 0.1212 0.9279
vn -0.3505 0.2033 0.9142
vn -0.1986 0.2112 0.9571
vn -0.3305 0.4239 0.8432
vn -0.1568 0.3666 0.9171
vn 0.0097 0.1952 0.9807
vn 0.0411 0.3492 0.9362
vn 0.2243 0.2277 0.9476
vn 0.2439 0.4126 0.8777
vn 0.5464 0.3301 0.7697
vn 0.5438 0.5781 0.6084
vn 0.7238 0.4772 0.4984
vn 0.6354 0.6295 0.4473
vn -0.3353 -0.2989 0.8935
vn -0.2302 -0.2234 0.9472
vn -0.3521 -0.1322 0.9266
vn -0.1735 -0.1127 0.9784
vn -0.0193 -0.2049 0.9786
vn 0.0280 -0.0991 0.9947
vn 0.1791 -0.2219 0.9585
vn 0.2494 -0.1166 0.9614
vn 0.4857 -0.3148 0.8155
vn 0.6096 -0.1852 0.7708
vn 0.8844 -0.3628 0.2937
vn 0.9395 -0.2663 -0.2155
vn 0.7844 -0.2234 -0.5786
vn 0.8843 -0.3630 0.2938
vn 0.4856 -0.3148 0.8155
vn 0.6354 -0.6294 0.4473
vn 0.3843 -0.4852 0.7854
vn 0.1790 -0.2221 0.9585
vn 0.1363 -0.3677 0.9199
vn -0.0193 -0.2050 0.9786
vn -0.0504 -0.3434 0.9378
vn -0.2301 -0.2235 0.9472
vn -0.2501 -0.4047 0.8796
vn -0.3352 -0.2989 0.8934
vn -0.3288 -0.4339 0.8389
vn -0.8259 0.5632 -0.0270
vn -0.0279 0.1088 -0.9937
vn -0.9829 -0.1824 -0.0268
vn -0.0826 -0.0097 -0.9965
vn 0.9994 0.0343 -0.0000
vn 0.8637 0.0001 -0.5040
vn 0.0933 -0.0099 0.9956
vn 0.8092 0.0302 0.5867
vn -0.1040 -0.0603 0.9927
vn 0.6435 -0.7655 -0.0000
vn -0.0000 -1.0000 -0.0001
vn 0.0932 -0.0594 -0.9939
vn -0.6352 -0.7719 -0.0260
vn -0.8191 0.0148 -0.5735
vn -0.1040 -0.0603 0.9928
vn -0.8669 -0.0307 0.4976
vn 0.0934 -0.0099 0.9956
vn -0.9828 -0.1825 -0.0269
vn -0.0284 0.1106 0.9935
vn -0.8259 0.5632 -0.0268
vn -0.1966 0.9805 -0.0001
vn -0.0279 0.1089 -0.9937
vn 0.4255 0.9050 -0.0000
vn 0.8093 0.0302 0.5866
vn 0.0931 -0.0594 -0.9939
vn 0.8636 -0.0000 -0.5041
vn -0.0827 -0.0098 -0.9965
vn -0.8190 0.0147 -0.5737
vn -0.8669 -0.0306 0.4976
vn -0.8669 -0.0309 0.4976
vn -0.9828 -0.1825 -0.0268
vn -0.1965 0.9805 -0.0002
vn 0.4256 0.9049 -0.0000
vn 0.6435 -0.7655 -0.0002
vn -0.0000 -1.0000 -0.0002
vn -0.1040 -0.0602 0.9928
vn 0.4780 -0.8163 -0.3243
vn 0.4031 -0.0564 -0.9134
vn 0.2052 -0.3381 -0.9185
vn -0.0116 -0.6033 -0.7975
vn 0.0092 -0.0393 -0.9992
vn -0.2045 -0.3478 -0.9150
vn -0.4121 -0.0563 -0.9094
vn -0.4910 -0.7986 -0.3482
vn -0.9828 -0.1826 0.0269
vn -0.3393 -0.5667 0.7508
vn -0.3789 -0.0560 0.9238
vn -0.0000 -0.3837 0.9234
vn -0.0000 -0.0300 0.9995
vn 0.3784 -0.0672 0.9232
vn -0.4912 -0.7985 -0.3482
vn -0.0000 -0.9947 0.1024
vn -0.0000 -0.3838 0.9234
vn 0.3284 -0.5690 0.7539
vn 0.3785 -0.0671 0.9232
vn -0.2044 -0.3476 -0.9151
vn -0.0116 -0.6033 -0.7974
vn -0.0000 -0.9948 0.1022
vn 0.4779 -0.8163 -0.3244
vn 0.3285 -0.5691 0.7538
vn 0.4780 -0.8163 -0.3244
vn 0.0093 -0.0393 -0.9992
vn 0.4031 -0.0565 -0.9134
vn 0.2052 -0.3380 -0.9185
vn -0.4379 0.8990 -0.0000
vn -0.9994 0.0337 -0.0001
vn 0.0189 0.1106 0.9937
vn -0.1024 -0.0099 0.9947
vn 0.9823 -0.1852 -0.0273
vn 0.8633 -0.0312 0.5038
vn 0.0735 -0.0098 -0.9972
vn 0.8143 0.0149 -0.5802
vn -0.1023 -0.0593 -0.9930
vn 0.6261 -0.7793 -0.0263
vn 0.0946 -0.0603 0.9937
vn -0.6522 -0.7580 -0.0001
vn -0.8141 0.0299 0.5799
vn -0.1023 -0.0594 -0.9930
vn -0.8673 -0.0000 -0.4978
vn 0.0736 -0.0098 -0.9972
vn -0.9994 0.0337 -0.0000
vn 0.0186 0.1089 -0.9939
vn -0.4379 0.8990 0.0002
vn 0.1819 0.9833 0.0001
vn 0.0189 0.1107 0.9937
vn 0.8207 0.5706 -0.0272
vn 0.9823 -0.1853 -0.0273
vn 0.0185 0.1090 -0.9939
vn 0.0735 -0.0097 -0.9972
vn 0.8144 0.0150 -0.5801
vn 0.8632 -0.0311 0.5039
vn 0.0945 -0.0603 0.9937
vn -0.8140 0.0298 0.5801
vn -0.8673 0.0002 -0.4978
vn 0.8208 0.5706 -0.0272
vn 0.1820 0.9833 0.0001
vn -0.1025 -0.0099 0.9947
vn -0.8673 0.0001 -0.4978
vn -0.1023 -0.0592 -0.9930
vn -0.0148 -0.9999 0.0002
vn 0.0946 -0.0604 0.9937
vn 0.6261 -0.7793 -0.0261
vn 0.8144 0.0149 -0.5801
vn -0.0586 -0.9659 0.2522
vn -0.4553 -0.6976 -0.5532
vn -0.3001 -0.5276 -0.7947
vn -0.5439 -0.3341 -0.7698
vn -0.8768 -0.4742 0.0793
vn -1.0000 -0.0000 0.0001
vn -0.5450 -0.0000 0.8384
vn -0.2307 0.2133 0.9494
vn -0.2314 0.5290 0.8165
vn -0.0438 0.4648 0.8843
vn -0.0594 0.9648 0.2562
vn 0.1329 0.4949 0.8587
vn 0.3553 0.6207 0.6989
vn 0.1795 0.2119 0.9607
vn 0.4875 0.3034 0.8187
vn 0.2026 -0.0000 0.9793
vn 0.5369 -0.0000 0.8437
vn 0.2207 -0.2239 0.9493
vn 0.5440 -0.3418 0.7663
vn 0.2190 -0.5391 0.8133
vn 0.4503 -0.7109 0.5402
vn -0.0585 -0.9659 0.2522
vn 0.4667 -0.8220 0.3263
vn -0.4554 -0.6976 -0.5532
vn -0.5672 -0.8091 0.1541
vn -0.8767 -0.4744 0.0795
vn -0.3634 -0.6259 0.6900
vn -0.1431 -0.5030 0.8523
vn 0.0326 -0.4740 0.8799
vn 0.2189 -0.5390 0.8134
vn 0.4669 -0.8219 0.3264
vn 0.7148 -0.4712 0.5167
vn 0.8074 -0.0753 0.5851
vn 0.5368 -0.0000 0.8437
vn 0.7717 0.3343 0.5410
vn 0.5543 0.7290 0.4016
vn 0.3553 0.6206 0.6990
vn -0.0594 0.9648 0.2561
vn -0.3002 -0.5276 -0.7947
vn -0.5438 -0.3341 -0.7698
vn -0.3440 -0.2106 -0.9150
vn -0.5360 -0.0000 -0.8442
vn -1.0000 -0.0000 -0.0001
vn -0.8814 0.4602 -0.1063
vn -0.4658 0.6991 0.5425
vn -0.2314 0.5289 0.8165
vn -0.0597 0.9648 0.2561
vn -0.0596 0.9648 0.2561
vn -0.5720 0.8000 -0.1813
vn -0.4658 0.6992 0.5423
vn -0.8813 0.4603 -0.1067
vn -0.4883 0.2967 -0.8207
vn -0.5361 -0.0000 -0.8442
vn -0.3434 0.0322 -0.9386
vn -0.3441 -0.2105 -0.9150
vn -0.0595 0.9648 0.2560
vn -0.3608 0.6085 -0.7068
vn -0.5719 0.8001 -0.1814
vn -0.4884 0.2967 -0.8206
vn -0.3309 0.2836 -0.9001
vn -0.3434 0.0322 -0.9387
vn -0.8768 -0.4742 0.0796
vn -0.4947 -0.3129 0.8108
vn -0.5451 -0.0001 0.8384
vn -0.2118 -0.0000 0.9773
vn -0.5670 -0.8092 0.1541
vn -0.0587 -0.9659 0.2523
vn -0.3633 -0.6259 0.6901
vn -0.1430 -0.5029 0.8524
vn 0.0326 -0.4739 0.8800
vn -0.2306 0.2133 0.9494
vn -0.0437 0.4648 0.8843
vn 0.1330 0.4950 0.8587
vn 0.1794 0.2120 0.9607
vn -0.0595 0.9648 0.2561
vn -0.2684 0.6227 -0.7350
vn -0.3608 0.6086 -0.7067
vn -0.3309 0.2837 -0.9000
vn -0.2117 -0.0000 0.9773
vn -0.2307 0.2132 0.9494
vn -0.5450 0.0001 0.8384
vn -0.0587 -0.9659 0.2522
vn 0.2189 -0.5391 0.8133
vn -0.0585 -0.9659 0.2524
vn -0.2306 0.2132 0.9494
vn -0.0194 0.1950 0.9806
vn -0.0001 -0.0000 1.0000
vn -0.1886 -0.2215 0.9567
vn 0.0095 -0.2049 0.9787
vn -0.0192 0.1950 0.9806
vn 0.0001 -0.0000 1.0000
vn 0.1794 0.2119 0.9607
vn 0.2025 -0.0000 0.9793
vn 0.0097 -0.2049 0.9787
vn 0.2206 -0.2238 0.9494
vn -0.0151 0.9999 0.0001
vn 0.0277 -0.0000 -0.9996
vn -0.0736 -0.0000 -0.9973
vn -0.0447 -0.9990 -0.0000
vn 0.0281 -0.0000 0.9996
vn 0.9999 -0.0168 -0.0000
vn 0.7175 0.6965 0.0001
vn -0.0454 0.9990 -0.0000
vn 0.0281 -0.0001 0.9996
vn -0.0152 0.9999 -0.0001
vn -0.0747 -0.0001 0.9972
vn -0.0454 0.9990 0.0001
vn -0.0448 -0.9990 0.0001
vn 0.0278 0.0001 -0.9996
vn 0.7093 -0.7049 -0.0001
vn 0.0280 -0.0000 0.9996
vn 0.7176 0.6965 -0.0000
vn -0.0151 -0.9999 -0.0001
vn 0.0281 0.0001 0.9996
vn 0.3308 0.4775 0.8139
vn 0.1529 0.0204 0.9880
vn 0.5895 -0.0128 0.8076
vn 0.2929 -0.2669 0.9181
vn -0.0197 -0.3045 0.9523
vn 0.3445 0.0888 0.9346
vn -0.1321 0.0401 0.9904
vn 0.7958 0.0742 0.6010
vn -0.0683 0.5331 0.8433
vn 0.1475 0.2194 0.9644
vn 0.3309 0.4775 0.8139
vn 0.3613 0.2911 0.8859
vn 0.5894 -0.0128 0.8077
vn 0.2246 -0.0000 0.9745
vn 0.2929 -0.2667 0.9182
vn 0.1958 0.0832 0.9771
vn 0.3446 0.0888 0.9345
vn 0.3713 0.2206 0.9020
vn 0.7267 0.1432 0.6719
vn -0.0091 -0.0294 -0.9995
vn 0.0001 0.2807 -0.9598
vn 0.2520 0.0001 -0.9677
vn 0.2834 0.5397 -0.7927
vn 0.6853 0.1513 -0.7124
vn 0.5304 0.8217 0.2087
vn 0.9635 0.0001 0.2676
vn 0.7268 0.1431 0.6718
vn 0.9630 -0.0330 0.2674
vn 0.7959 0.0742 0.6009
vn 0.9952 -0.0512 0.0829
vn 0.8885 -0.0157 0.4587
vn 0.9874 -0.1354 -0.0821
vn 0.9142 -0.0972 0.3933
vn -0.0094 0.1724 0.9850
vn 0.1929 0.0615 0.9793
vn -0.0092 0.0696 0.9975
vn 0.1624 -0.0102 0.9867
vn 0.0001 -0.0398 0.9992
vn 0.1526 -0.0811 0.9850
vn 0.2337 -0.0207 0.9721
vn 0.4105 -0.0345 0.9112
vn 0.1474 0.2195 0.9644
vn 0.2520 -0.0000 -0.9677
vn 0.6853 0.1512 -0.7124
vn 0.7079 -0.0975 -0.6995
vn 0.9636 -0.0000 0.2675
vn 0.8987 -0.0160 0.4382
vn 0.9631 -0.0330 0.2672
vn 0.9836 -0.1180 0.1364
vn 0.9953 -0.0512 0.0828
vn 0.7368 -0.2901 -0.6107
vn 0.9874 -0.1355 -0.0823
vn 0.2336 -0.0207 0.9721
vn 0.0133 -0.8200 0.5723
vn 0.0190 0.1107 0.9937
vn 0.3613 0.2910 0.8859
vn -0.0001 0.3744 0.9273
vn 0.2245 -0.0000 0.9745
vn -0.0001 0.0497 0.9988
vn -0.0094 -0.0000 1.0000
vn -0.0093 -0.1186 -0.9929
vn -0.0101 -0.4024 -0.9154
vn 0.2715 -0.3927 -0.8787
vn 0.3084 -0.3167 -0.8970
vn -0.0095 -0.2763 -0.9610
vn 0.2279 -0.1897 -0.9550
vn -0.0093 -0.1696 -0.9855
vn -0.0091 -0.0295 -0.9995
vn 0.2520 -0.0001 -0.9677
vn 0.2279 -0.1896 -0.9550
vn 0.3786 -0.2414 -0.8935
vn 0.3085 -0.3166 -0.8970
vn 0.7367 -0.2902 -0.6108
vn 0.2716 -0.3926 -0.8787
vn 0.4657 -0.5217 -0.7148
vn 0.7959 0.0742 0.6008
vn 0.8884 -0.0157 0.4588
vn 0.4408 -0.1055 0.8914
vn 0.1527 -0.0811 0.9849
vn 0.2245 -0.0311 0.9740
vn 0.1625 -0.0102 0.9867
vn -0.0196 -0.3046 0.9523
vn 0.1531 0.0203 0.9880
vn -0.1320 0.0401 0.9904
vn -0.0683 0.5330 0.8433
vn 0.3310 0.4775 0.8139
vn 0.2244 -0.0000 0.9745
vn 0.1957 0.0833 0.9771
vn -0.0093 0.0001 1.0000
vn 0.1717 0.0102 0.9851
vn 0.3710 0.2206 0.9020
vn 0.9141 -0.0972 0.3936
vn 0.8883 -0.0158 0.4589
vn 0.4407 -0.1054 0.8914
vn 0.1474 0.2194 0.9644
vn 0.3612 0.2910 0.8859
vn 0.2336 -0.0206 0.9721
vn 0.7269 0.1431 0.6717
vn 0.3444 0.0888 0.9346
vn 0.3711 0.2205 0.9020
vn 0.7268 0.1432 0.6718
vn 0.5303 0.8217 0.2088
vn 0.3783 -0.2415 -0.8936
vn 0.9836 -0.1181 0.1363
vn 0.7369 -0.2901 -0.6106
vn 0.7078 -0.0977 -0.6996
vn -0.2199 0.9352 -0.2777
vn 0.2834 0.5396 -0.7928
vn -0.0000 0.2809 -0.9597
vn -0.0144 0.9373 0.3482
vn -0.0000 -0.9311 -0.3647
vn -0.6122 0.1303 0.7799
vn -0.4180 0.0912 0.9039
vn -0.3020 0.0322 0.9528
vn -0.1810 -0.0202 0.9833
vn -0.3025 -0.2660 0.9153
vn -0.2338 -0.0000 0.9723
vn -0.5972 -0.0127 0.8020
vn -0.3648 0.3173 0.8753
vn -0.3414 0.4756 0.8107
vn -0.1589 0.2426 0.9570
vn 0.0570 0.5334 0.8439
vn -0.8112 0.0892 0.5779
vn 0.1229 0.0402 0.9916
vn -0.4179 0.0911 0.9039
vn 0.0098 -0.3046 0.9524
vn -0.3024 -0.2661 0.9153
vn -0.1624 0.0204 0.9865
vn -0.5973 -0.0127 0.8019
vn -0.9167 -0.0959 0.3879
vn -0.8915 -0.0155 0.4527
vn -0.9878 -0.1333 -0.0809
vn -0.9954 -0.0504 0.0816
vn -0.8113 0.0892 0.5778
vn -0.9710 -0.0164 0.2387
vn -0.8464 0.1221 0.5184
vn -0.9386 0.0644 0.3388
vn -0.5798 0.8109 0.0789
vn -0.7041 0.2541 -0.6631
vn -0.3803 0.6064 -0.6983
vn -0.2744 0.0105 -0.9616
vn -0.0001 0.2807 -0.9598
vn -0.0093 -0.0293 -0.9995
vn -0.9877 -0.1334 -0.0810
vn -0.9954 -0.0505 0.0815
vn -0.7368 -0.2901 -0.6107
vn -0.9841 -0.1162 0.1344
vn -0.9710 -0.0164 0.2386
vn -0.8915 0.0155 0.4527
vn -0.9387 0.0643 0.3387
vn -0.6767 -0.0666 -0.7333
vn -0.7040 0.2542 -0.6632
vn -0.2744 0.0104 -0.9616
vn -0.4034 -0.0451 0.9139
vn -0.1588 0.2427 0.9570
vn -0.2428 -0.0207 0.9699
vn -0.1640 -0.1129 0.9800
vn -0.0001 -0.0398 0.9992
vn -0.1717 -0.0101 0.9851
vn -0.0094 0.0696 0.9975
vn -0.2021 0.0614 0.9774
vn -0.0096 0.1724 0.9850
vn 0.0001 0.0498 0.9988
vn 0.0001 0.3743 0.9273
vn -0.3648 0.3173 0.8754
vn -0.2428 -0.0206 0.9699
vn 0.0133 -0.8199 0.5723
vn -0.4755 -0.5187 -0.7106
vn -0.7367 -0.2902 -0.6107
vn -0.2804 -0.4011 -0.8721
vn -0.3181 -0.3155 -0.8940
vn -0.3877 -0.2405 -0.8898
vn -0.2373 -0.1892 -0.9528
vn -0.2744 0.0103 -0.9616
vn -0.0093 -0.0295 -0.9995
vn -0.0093 -0.0294 -0.9995
vn -0.0095 -0.1696 -0.9855
vn -0.2372 -0.1893 -0.9528
vn -0.0097 -0.2764 -0.9610
vn -0.3179 -0.3156 -0.8940
vn -0.0103 -0.4024 -0.9154
vn -0.2802 -0.4012 -0.8721
vn -0.0093 -0.1185 -0.9929
vn -0.1718 -0.0101 0.9851
vn -0.1641 -0.1128 0.9800
vn -0.2337 -0.0310 0.9718
vn -0.4329 -0.1151 0.8941
vn -0.4035 -0.0452 0.9139
vn -0.8914 -0.0155 0.4530
vn -0.1599 0.0204 0.9869
vn 0.1227 0.0401 0.9916
vn 0.0098 -0.3045 0.9524
vn -0.3018 0.0322 0.9528
vn -0.1809 -0.0201 0.9833
vn 0.1716 0.0102 0.9851
vn -0.0095 0.0001 1.0000
vn -0.2337 -0.0000 0.9723
vn -0.3803 0.6064 -0.6984
vn -0.2199 0.9352 -0.2775
vn -0.5796 0.8111 0.0788
vn -0.8113 0.0892 0.5777
vn -0.4178 0.0912 0.9039
vn -0.8464 0.1220 0.5184
vn -0.6122 0.1302 0.7799
vn -0.3647 0.3173 0.8754
vn -0.1588 0.2428 0.9570
vn -0.9166 -0.0958 0.3882
vn -0.4328 -0.1150 0.8941
vn -0.8914 -0.0157 0.4530
vn -0.6121 0.1301 0.7800
vn -0.5798 0.8110 0.0788
vn -0.8463 0.1220 0.5185
vn -0.3878 -0.2404 -0.8899
vn -0.6766 -0.0667 -0.7333
vn -0.9841 -0.1163 0.1343
vn -0.3876 -0.2404 -0.8899
vn -0.9841 -0.1162 0.1346
vn -0.8554 -0.1386 0.4991
vn -0.3877 -0.2405 -0.8899
vn -0.2390 -0.2329 -0.9427
vn -0.0460 0.0098 -0.9989
vn -0.6765 -0.0666 -0.7334
vn -0.0461 0.0098 -0.9989
vn -0.8553 -0.1386 0.4992
vn -0.8857 0.0785 0.4575
vn -0.8914 0.0156 0.4529
vn -0.9841 -0.1162 0.1343
vn -0.0460 0.0099 -0.9989
vn 0.0595 -0.9969 0.0512
vn -0.0103 -0.3839 0.9233
vn -0.0000 -1.0000 -0.0000
vn -0.0743 -0.9959 0.0512
vn -0.5883 0.4449 0.6752
vn 0.5673 0.4628 0.6812
vn -0.4111 0.0896 -0.9072
vn -0.0093 -0.1187 -0.9929
vn -0.0092 0.0392 -0.9992
vn 0.4023 0.0900 -0.9111
vn 0.7078 -0.0976 -0.6996
vn 0.0368 0.0098 -0.9993
vn 0.3785 -0.2415 -0.8935
vn 0.2295 -0.2335 -0.9449
vn 0.8514 -0.1404 0.5054
vn 0.9836 -0.1181 0.1367
vn 0.9836 -0.1182 0.1364
vn 0.8513 -0.1404 0.5055
vn 0.8986 -0.0159 0.4385
vn 0.8825 0.0795 0.4635
vn 0.0369 0.0099 -0.9993
vn 0.8825 0.0794 0.4635
vn 0.8987 -0.0159 0.4384
vn 0.7079 -0.0975 -0.6996
vn 0.2883 0.6399 0.7123
vn 0.3712 0.2205 0.9020
vn 0.1717 0.0100 0.9851
vn 0.0597 0.2752 0.9595
vn -0.3019 0.0321 0.9528
vn -0.2889 0.3187 0.9027
vn -0.6122 0.1301 0.7799
vn -0.4076 0.6573 0.6339
vn -0.5797 0.8110 0.0789
vn -0.4875 0.6958 -0.5274
vn -0.2199 0.9351 -0.2777
vn 0.0606 0.9968 0.0521
vn 0.5303 0.8217 0.2086
vn 0.0597 0.2751 0.9596
vn -0.1016 0.7287 0.6772
vn -0.2889 0.3186 0.9028
vn 0.0605 0.9968 0.0521
vn -0.4874 0.6958 -0.5275
vn 0.2884 0.6399 0.7122
vn -0.1015 0.7287 0.6773
vn 0.0605 0.9968 0.0522
vn 0.5303 0.8217 0.2087
vn 0.0279 0.0991 -0.9947
vn 0.9999 -0.0170 -0.0001
vn 0.6505 0.7576 0.0533
vn -0.0658 0.1401 0.9879
vn -0.0094 0.0695 0.9975
vn -0.9994 -0.0337 0.0001
vn -0.6602 0.7510 -0.0000
vn -0.0092 0.0685 -0.9976
vn -0.0151 0.9999 -0.0000
vn 0.6343 0.7731 -0.0000
vn -0.0093 0.0696 0.9975
vn 0.9999 -0.0172 -0.0001
vn -0.9994 -0.0337 0.0002
vn -0.5333 0.8423 -0.0786
vn -0.0091 0.0683 -0.9976
vn 0.9999 -0.0172 0.0001
vn 0.6343 0.7731 -0.0002
vn -0.6602 0.7511 -0.0000
vn -0.0151 0.9999 -0.0001
vn 0.9903 0.1360 -0.0273
vn -0.0184 0.0393 -0.9991
vn 0.6507 0.7575 0.0532
vn -0.9096 0.0634 0.4107
vn -0.5331 0.8423 -0.0788
vn 0.2275 0.0737 0.9710
vn -0.0658 0.1400 0.9880
vn 0.9903 0.1359 -0.0275
vn 0.6506 0.7576 0.0534
vn -0.0001 -0.0795 0.9968
vn -0.7337 0.5461 0.4043
vn -0.2667 -0.9607 0.0765
vn -0.4384 -0.8698 -0.2264
vn -0.8624 0.1069 -0.4948
vn -0.1680 -0.2522 -0.9530
vn 0.0827 0.0098 -0.9965
vn 0.6642 -0.5989 -0.4475
vn 0.9929 0.0852 -0.0827
vn 0.7268 0.5521 0.4086
vn -0.2173 0.3080 0.9262
vn -0.0270 0.8305 0.5563
vn -0.7338 0.5461 0.4042
vn -0.0001 -0.0794 0.9968
vn 0.9929 0.0851 -0.0826
vn -0.0184 0.0391 -0.9991
vn -0.8623 0.1069 -0.4949
vn -0.9095 0.0634 0.4107
vn -0.2173 0.3080 0.9263
vn 0.2275 0.0736 0.9710
vn 0.9929 0.0851 -0.0827
vn 0.9904 0.1358 -0.0275
vn -0.0185 0.0392 -0.9991
vn 0.6642 -0.5989 -0.4474
vn 0.7270 0.5519 0.4085
vn 0.1931 -0.9798 0.0511
vn 0.0001 -0.0793 0.9968
vn -0.0268 0.8305 0.5564
vn -0.2174 0.3080 0.9262
vn -0.8624 0.1071 -0.4948
vn -1.0000 -0.0000 -0.0000
vn -0.1680 -0.2524 -0.9529
vn 0.6643 -0.5987 -0.4475
vn -0.4383 -0.8699 -0.2263
vn -0.2665 -0.9608 0.0765
vn 0.0002 -0.0793 0.9968
vn -0.9999 -0.0169 0.0001
vn -0.6435 0.7655 -0.0000
vn -0.0001 0.0684 -0.9977
vn 0.6514 0.7587 -0.0002
vn 0.9994 -0.0343 -0.0001
vn 0.0001 0.0684 -0.9977
vn -0.0374 0.0991 -0.9944
vn -0.9999 -0.0168 0.0001
vn -0.6593 0.7500 0.0529
vn 0.0566 0.1401 0.9885
vn -0.0374 0.0992 -0.9944
vn 0.9994 -0.0342 -0.0001
vn 0.5222 0.8491 -0.0793
vn -0.0001 0.0695 0.9976
vn -0.9999 -0.0169 -0.0000
vn -0.6434 0.7655 0.0002
vn 0.6515 0.7587 -0.0000
vn -0.0000 0.0684 -0.9977
vn 0.0001 1.0000 0.0001
vn 0.5222 0.8491 -0.0794
vn 0.0565 0.1401 0.9885
vn -0.2370 0.0734 0.9687
vn -0.9906 0.1339 -0.0271
vn -0.6594 0.7499 0.0529
vn -0.0373 0.0990 -0.9944
vn 0.9069 0.0642 0.4164
vn 0.5221 0.8492 -0.0793
vn -0.2369 0.0735 0.9687
vn 0.2528 -0.9645 0.0768
vn -0.0093 -0.0793 0.9968
vn 0.0135 0.8307 0.5565
vn 0.2074 0.3087 0.9283
vn -0.7337 0.5462 0.4042
vn -0.9931 0.0839 -0.0814
vn -0.6722 -0.5931 -0.4432
vn -0.0918 0.0098 -0.9957
vn 0.1584 -0.2526 -0.9545
vn 0.8586 0.1083 -0.5011
vn 0.4265 -0.8753 -0.2279
vn 0.7268 0.5520 0.4087
vn 0.2528 -0.9645 0.0767
vn 0.0093 0.0391 -0.9992
vn -0.9932 0.0837 -0.0814
vn -0.9906 0.1337 -0.0271
vn -0.2368 0.0734 0.9688
vn 0.9069 0.0643 0.4164
vn -0.9932 0.0838 -0.0813
vn 0.0134 0.8308 0.5565
vn -0.7338 0.5460 0.4041
vn -0.0095 -0.0794 0.9968
vn -0.2073 -0.9769 0.0510
vn -0.6721 -0.5931 -0.4433
vn 0.8586 0.1084 -0.5011
vn 0.7269 0.5520 0.4086
vn 0.2527 -0.9645 0.0768
vn 0.4264 -0.8754 -0.2278
vn -0.6723 -0.5930 -0.4432
vn 0.1584 -0.2528 -0.9545
vn 0.3212 0.2847 -0.9032
vn 0.3499 0.6112 -0.7099
vn 0.4794 0.2985 -0.8253
vn 0.5616 0.8070 -0.1829
vn 0.0448 0.9656 0.2563
vn 0.4549 0.7036 0.5458
vn 0.2204 0.5303 0.8186
vn 0.5465 0.3301 0.7697
vn 0.2212 0.2137 0.9515
vn 0.1790 -0.2220 0.9585
vn 0.3524 -0.6288 0.6931
vn 0.1322 -0.5038 0.8537
vn 0.0140 -0.9114 0.4113
vn -0.1460 -0.5370 0.8309
vn -0.2299 -0.5377 0.8112
vn -0.2551 -0.2604 0.9312
vn -0.5157 -0.3442 0.7846
vn -0.8123 -0.0744 0.5785
vn -0.7774 0.3305 0.5352
vn 0.0141 -0.9114 0.4112
vn 0.5568 -0.8159 0.1556
vn 0.3523 -0.6288 0.6932
vn 0.8732 -0.4807 0.0807
vn 1.0000 -0.0000 0.0002
vn 0.8778 0.4667 -0.1079
vn 0.4550 0.7036 0.5458
vn 0.5617 0.8069 -0.1828
vn -0.2553 -0.2604 0.9311
vn -0.4965 0.3016 0.8140
vn -0.1891 0.2115 0.9589
vn -0.3663 0.6178 0.6958
vn -0.1439 0.4942 0.8574
vn 0.0446 0.9655 0.2564
vn 0.0328 0.4650 0.8847
vn 0.2204 0.5304 0.8186
vn 0.2211 0.2138 0.9515
vn 0.5617 0.8068 -0.1830
vn 0.8778 0.4666 -0.1081
vn 0.4794 0.2983 -0.8254
vn 0.5277 -0.0000 -0.8494
vn 1.0000 -0.0000 -0.0002
vn 0.5352 -0.3363 -0.7749
vn 0.8732 -0.4807 0.0805
vn 0.4447 -0.7018 -0.5565
vn 0.5568 -0.8160 0.1554
vn 0.0140 -0.9114 0.4114
vn 0.0445 0.9656 0.2563
vn -0.5643 0.7230 0.3984
vn -0.7773 0.3306 0.5352
vn -0.5450 -0.0001 0.8385
vn 0.0140 -0.9114 0.4112
vn -0.3152 -0.5799 0.7513
vn -0.4781 -0.8163 0.3242
vn -0.7217 -0.4663 0.5115
vn -0.5157 -0.3443 0.7845
vn -0.8123 -0.0746 0.5785
vn -0.1890 0.2116 0.9589
vn 0.1789 -0.2221 0.9585
vn -0.1458 -0.5370 0.8309
vn -0.2551 -0.2605 0.9312
vn -0.5156 -0.3443 0.7846
vn -0.3150 -0.5799 0.7513
vn -0.2298 -0.5376 0.8113
vn 0.3214 0.2846 -0.9032
vn 0.4795 0.2982 -0.8253
vn 0.3345 0.0323 -0.9419
vn 0.5278 0.0001 -0.8494
vn 0.3345 0.0322 -0.9418
vn 0.5278 -0.0001 -0.8494
vn 0.3348 -0.2113 -0.9183
vn 0.5353 -0.3361 -0.7749
vn 0.3347 -0.2114 -0.9183
vn 0.5352 -0.3364 -0.7749
vn 0.2896 -0.5294 -0.7974
vn 0.4446 -0.7017 -0.5567
vn 0.2570 0.6246 -0.7374
vn 0.0447 0.9655 0.2563
vn 0.2571 0.6246 -0.7374
vn 0.2895 -0.5294 -0.7975
vn 0.4446 -0.7018 -0.5566
vn 0.0141 -0.9114 0.4114
vn -0.2550 -0.2604 0.9312
vn -0.2117 -0.0001 0.9773
vn -0.0000 -0.0001 1.0000
vn 0.2025 -0.0001 0.9793
vn -0.2117 0.0001 0.9773
vn -0.0000 0.0001 1.0000
vn 0.0097 0.1951 0.9807
vn 0.2025 0.0001 0.9793
vn 0.2211 0.2137 0.9516
vn 0.1031 -0.9866 0.1268
vn -0.7344 -0.1278 0.6665
vn -0.7345 -0.1278 0.6665
vn -0.2719 -0.2248 -0.9357
vn -0.2719 -0.2249 -0.9357
vn -0.1191 0.9809 -0.1537
vn 0.7405 -0.0143 -0.6719
vn 0.7405 -0.0149 -0.6719
vn 0.7405 -0.0143 -0.6720
vn 0.2927 0.0429 0.9552
vn 0.2927 0.0429 0.9553
vn 0.0607 0.9978 0.0260
vn 0.1342 0.9826 -0.1283
vn 0.1491 0.9673 -0.2054
vn 0.1464 0.9496 -0.2772
vn 0.0878 0.9492 -0.3022
vn 0.0591 0.9583 -0.2797
vn -0.0291 0.9607 -0.2759
vn -0.1023 0.9479 -0.3018
vn -0.1201 0.9897 -0.0776
vn -0.1195 0.9845 -0.1284
vn -0.0454 0.9976 0.0521
vn 0.0303 0.9992 0.0261
vn 0.0605 0.9978 0.0261
vn -0.0000 0.9946 0.1039
vn -0.0151 0.9945 0.1039
vn -0.1200 0.9897 -0.0774
vn 0.0606 0.9978 0.0261
vn 0.1341 0.9826 -0.1282
vn 0.0001 0.1381 -0.9904
vn 0.5078 0.5968 -0.6212
vn 0.6028 0.2355 -0.7623
vn 0.7379 0.3108 0.5991
vn 0.4746 0.8043 0.3575
vn 0.2202 0.3232 0.9204
vn 0.5079 0.5968 -0.6212
vn -0.0001 0.1382 -0.9904
vn -0.0000 0.5685 -0.8227
vn -0.6003 0.3801 -0.7036
vn -0.6105 0.2337 -0.7567
vn -0.7441 0.3076 0.5931
vn 0.7377 0.3108 0.5993
vn 0.2201 0.3232 0.9204
vn 0.1995 0.1908 0.9611
vn -0.1771 0.1884 0.9660
vn -0.3442 0.2402 0.9076
vn -0.6003 0.3802 -0.7036
vn -0.7441 0.3077 0.5930
vn -0.3122 0.9329 0.1792
vn -0.3444 0.2403 0.9076
vn -0.1772 0.1884 0.9660
vn 0.5079 0.5967 -0.6213
vn -0.3123 0.9329 0.1792
vn 0.4748 0.8042 0.3575
vn -0.3444 0.2401 0.9076
vn -0.6003 0.3804 -0.7035
vn -0.3123 0.9329 0.1791
vn 0.0001 0.5685 -0.8227
vn 0.5080 0.5967 -0.6212
vn -0.1195 0.9845 -0.1285
vn -0.1628 0.9597 -0.2292
vn -0.1618 0.9538 -0.2531
vn -0.1025 0.9478 -0.3020
vn -0.0292 0.9607 -0.2759
vn 0.0644 -0.0001 -0.9979
vn -0.0001 1.0000 -0.0001
vn 0.1353 0.9908 -0.0000
vn 0.0654 -0.0001 0.9979
vn -0.0654 -0.0000 0.9979
vn -0.0000 1.0000 0.0001
vn 0.0644 0.0001 -0.9979
vn -0.0644 -0.0000 -0.9979
vn 0.1331 -0.9911 -0.0000
vn 0.0654 0.0001 0.9979
vn 0.1330 -0.9911 0.0001
vn 0.0643 0.0001 -0.9979
vn 0.0653 -0.0001 0.9979
vn 0.1351 0.9908 -0.0001
vn -0.7169 -0.6972 -0.0000
vn -0.0644 -0.0001 -0.9979
vn -0.7250 0.6887 -0.0001
vn -0.7250 0.6887 -0.0000
vn -0.0656 0.0001 0.9978
vn -0.7169 -0.6972 0.0002
vn -0.4275 0.1748 0.8869
vn -0.1121 0.6752 0.7290
vn -0.3251 0.9109 -0.2543
vn -0.0710 0.9066 -0.4159
vn -0.4345 -0.1962 -0.8790
vn -0.1333 -0.6700 -0.7303
vn -0.3372 -0.9195 0.2019
vn -0.1128 -0.9146 0.3883
vn -0.4276 0.1747 0.8869
vn -0.1120 0.6753 0.7290
vn 0.1021 0.9306 0.3515
vn -0.0710 0.9066 -0.4160
vn 0.0842 0.8963 -0.4355
vn 0.0421 -0.9107 -0.4110
vn -0.1128 -0.9145 0.3885
vn 0.0417 -0.9015 0.4308
vn -0.1120 0.6754 0.7289
vn 0.1021 0.9306 0.3516
vn 0.2185 -0.8275 0.5171
vn 0.0417 -0.9015 0.4307
vn 0.0885 -0.9880 -0.1269
vn 0.0421 -0.9107 -0.4108
vn 0.0884 -0.9880 -0.1268
vn 0.0421 -0.9106 -0.4111
vn 0.2883 0.7882 -0.5438
vn 0.0843 0.8963 -0.4354
vn 0.1814 0.9803 0.0779
vn 0.1022 0.9306 0.3516
vn 0.2184 -0.8275 0.5172
vn 0.2185 -0.8275 0.5172
vn 0.2885 0.7882 -0.5436
vn 0.0884 -0.9880 -0.1269
vn 0.6682 -0.0939 -0.7380
vn -0.0377 -0.7381 -0.6737
vn 0.2460 -0.3981 -0.8838
vn -0.4447 -0.8825 -0.1530
vn -0.3788 -0.0558 0.9238
vn -0.2301 0.3225 0.9182
vn 0.1442 0.6265 0.7660
vn 0.4231 0.7649 0.4857
vn 0.2461 -0.3980 -0.8838
vn 0.1444 0.6265 0.7659
vn -0.3787 -0.0560 0.9238
vn 0.6682 -0.0937 -0.7380
vn -0.0378 -0.7382 -0.6736
vn 0.0553 0.0001 -0.9985
vn 0.9999 -0.0168 0.0001
vn 0.7094 -0.7049 -0.0001
vn 0.0552 -0.0001 -0.9985
vn -0.0735 -0.0001 -0.9973
vn -0.1499 0.9887 -0.0000
vn -0.0748 -0.0001 0.9972
vn -0.0736 0.0001 -0.9973
vn -0.0149 -0.9999 -0.0001
vn -0.1476 -0.9890 -0.0000
vn 0.0551 -0.0000 -0.9985
vn -0.1475 -0.9891 -0.0001
vn -0.0746 0.0001 0.9972
vn -0.0734 -0.0001 -0.9973
vn -0.1499 0.9887 0.0001
vn -0.1163 0.9291 0.3511
vn -0.0555 -0.9008 0.4306
vn 0.0997 0.6763 0.7299
vn 0.0988 -0.9159 0.3891
vn -0.0560 -0.9101 -0.4107
vn 0.1213 -0.6711 -0.7314
vn -0.0982 0.8951 -0.4349
vn 0.0569 0.9074 -0.4164
vn -0.1165 0.9291 0.3509
vn 0.0998 0.6761 0.7300
vn 0.0997 0.6762 0.7299
vn 0.0988 -0.9159 0.3889
vn 0.4186 0.1755 0.8911
vn 0.3241 -0.9240 0.2029
vn 0.1214 -0.6711 -0.7314
vn 0.4257 -0.1972 -0.8831
vn 0.0568 0.9075 -0.4162
vn 0.3117 0.9152 -0.2556
vn 0.4185 0.1757 0.8911
vn -0.2314 -0.8250 0.5156
vn -0.1031 -0.9866 -0.1267
vn -0.0556 -0.9009 0.4304
vn -0.0561 -0.9101 -0.4105
vn -0.0556 -0.9009 0.4305
vn -0.1166 0.9291 0.3510
vn -0.2315 -0.8250 0.5156
vn -0.1959 0.9775 0.0777
vn -0.3008 0.7850 -0.5416
vn -0.0562 -0.9100 -0.4108
vn -0.1030 -0.9866 -0.1266
vn -0.1959 0.9775 0.0778
vn -0.3010 0.7851 -0.5414
vn -0.1030 -0.9866 -0.1267
vn 0.0251 -0.7384 -0.6739
vn -0.6751 -0.0931 -0.7318
vn -0.2561 -0.3969 -0.8814
vn -0.4346 0.7603 0.4827
vn -0.1559 0.6253 0.7647
vn 0.3697 -0.0561 0.9274
vn 0.4327 -0.8883 -0.1540
vn -0.2560 -0.3970 -0.8814
vn -0.1560 0.6253 0.7647
vn -0.6751 -0.0931 -0.7319
vn 0.3696 -0.0562 0.9275
vn 0.0251 -0.7384 -0.6738
vn 0.1930 -0.0615 0.9793
vn 0.1930 -0.0513 0.9798
vn -0.2022 -0.0614 0.9774
vn -0.2023 -0.0512 0.9780
vn 0.9874 -0.1354 -0.0822
vn 0.9002 -0.3794 -0.2137
vn 0.9142 -0.0972 0.3934
vn 0.7735 -0.3654 0.5178
vn 0.4408 -0.1054 0.8914
vn 0.4307 -0.1291 0.8932
vn 0.2788 0.0423 0.9594
vn 0.2153 0.0104 0.9765
vn 0.1646 0.0823 0.9829
vn 0.1625 -0.0101 0.9867
vn 0.0001 0.0497 0.9988
vn 0.0001 -0.1206 0.9927
vn 0.2597 -0.0743 0.9628
vn 0.2783 0.0447 0.9595
vn 0.3522 -0.6934 0.6287
vn 0.7735 -0.3656 0.5178
vn 0.5206 -0.8221 -0.2304
vn 0.9001 -0.3796 -0.2137
vn 0.4656 -0.5218 -0.7148
vn 0.0001 -0.9842 -0.1771
vn 0.3521 -0.6934 0.6287
vn 0.0001 -0.8700 0.4930
vn 0.0001 -0.3192 0.9477
vn 0.2597 -0.0744 0.9628
vn 0.1645 0.0823 0.9829
vn 0.3859 -0.7764 -0.4983
vn 0.5205 -0.8222 -0.2304
vn -0.0000 -0.9205 0.3908
vn -0.0000 -0.9842 -0.1769
vn 0.3522 -0.6933 0.6287
vn 0.2244 -0.0311 0.9740
vn 0.3860 -0.7765 -0.4981
vn 0.4656 -0.5219 -0.7147
vn 0.5205 -0.8222 -0.2305
vn -0.0001 -0.1206 0.9927
vn -0.1715 -0.0101 0.9851
vn -0.1740 0.0822 0.9813
vn -0.2246 0.0104 0.9744
vn -0.2879 0.0422 0.9567
vn -0.4396 -0.1285 0.8890
vn -0.4329 -0.1150 0.8941
vn -0.7792 -0.3614 0.5121
vn -0.9167 -0.0958 0.3880
vn -0.8834 -0.3885 -0.2621
vn -0.9878 -0.1334 -0.0809
vn -0.7369 -0.2902 -0.6106
vn -0.4754 -0.5187 -0.7106
vn -0.8832 -0.3887 -0.2622
vn -0.5174 -0.8171 -0.2544
vn -0.7792 -0.3616 0.5120
vn -0.3635 -0.6901 0.6258
vn -0.2690 -0.0741 0.9603
vn -0.1739 0.0822 0.9813
vn -0.2689 -0.0742 0.9603
vn -0.0001 0.0498 0.9988
vn -0.0001 -0.3192 0.9477
vn -0.3635 -0.6902 0.6258
vn -0.0000 -0.8700 0.4930
vn -0.0000 -0.9842 -0.1771
vn -0.3635 -0.6901 0.6259
vn -0.5173 -0.8171 -0.2544
vn -0.0000 -0.9842 -0.1770
vn -0.4298 -0.7663 -0.4775
vn -0.1718 -0.0102 0.9851
vn -0.2022 0.0614 0.9774
vn -0.4298 -0.7665 -0.4773
vn -0.5173 -0.8171 -0.2545
vn -0.4754 -0.5188 -0.7105
vn -0.5884 0.4449 0.6752
vn -0.7950 0.5690 -0.2106
vn 0.0303 0.9982 -0.0521
vn -0.0104 -0.3839 0.9233
vn -0.0454 0.9976 -0.0521
vn -0.0103 -0.3838 0.9233
vn 0.5671 0.4629 0.6812
vn 0.7892 0.5759 -0.2133
vn 0.0594 -0.9969 0.0513
vn 0.4964 -0.3016 0.8140
vn 0.8004 -0.3039 -0.5167
vn 0.3208 -0.1980 -0.9262
vn 0.3858 -0.7764 -0.4983
vn 0.1227 -0.0502 0.9912
vn 0.1228 -0.0502 0.9912
vn 0.0001 -0.9204 0.3909
vn -0.4734 -0.2159 0.8540
vn -0.4298 -0.7664 -0.4774
vn -0.3391 -0.1967 -0.9200
vn -0.2803 -0.4012 -0.8721
vn -0.4754 -0.5187 -0.7105
vn -0.8116 -0.3179 -0.4902
vn -0.4299 -0.7664 -0.4773
vn -0.4735 -0.2157 0.8540
vn -0.0094 -0.1187 -0.9929
vn -0.4110 0.0896 -0.9072
vn -0.3392 -0.1966 -0.9199
vn -0.8116 -0.3178 -0.4902
vn -0.4736 -0.2157 0.8539
vn -0.0428 0.4315 0.9011
vn 0.5263 0.5740 0.6273
vn 0.4965 -0.3015 0.8140
vn 0.8004 -0.3037 -0.5168
vn 0.4022 0.0900 -0.9111
vn 0.8004 -0.3038 -0.5167
vn -0.0092 -0.1187 -0.9929
vt 0.546875 0.800781
vt 0.494141 0.750488
vt 0.493652 0.801758
vt 0.191895 0.747559
vt 0.494629 0.691406
vt 0.191406 0.688477
vt 0.138184 0.673340
vt 0.137695 0.747070
vt 0.137207 0.801270
vt 0.189941 0.801758
vt 0.547363 0.750977
vt 0.547363 0.701172
vt 0.528809 0.466797
vt 0.425781 0.269043
vt 0.419922 0.466797
vt 0.351562 0.269043
vt 0.360352 0.071777
vt 0.287109 0.269043
vt 0.285645 0.055176
vt 0.191895 0.269043
vt 0.191895 0.057129
vt 0.093750 0.055176
vt 0.105957 0.008301
vt 0.021484 0.006348
vt 0.362793 0.466797
vt 0.287598 0.466797
vt 0.191895 0.466797
vt 0.093750 0.269043
vt 0.006836 0.074219
vt 0.391602 0.027344
vt 0.429688 0.060547
vt 0.528320 0.269043
vt 0.651367 0.269043
vt 0.651367 0.469727
vt 0.708984 0.269043
vt 0.710938 0.466797
vt 0.461914 0.015137
vt 0.528809 0.020020
vt 0.528809 0.067383
vt 0.635742 0.067871
vt 0.710938 0.074219
vt 0.006836 0.466797
vt 0.093262 0.466797
vt 0.006836 0.269043
vt 0.191895 0.008301
vt 0.279785 0.008301
vt 0.627441 0.004883
vt 0.369629 0.027344
vt 0.311523 0.025879
vt 0.682129 0.007812
vt 0.872070 0.301758
vt 0.870605 0.303711
vt 0.872559 0.302246
vt 0.871582 0.304199
vt 0.874023 0.302246
vt 0.873047 0.304199
vt 0.875000 0.302246
vt 0.875488 0.304199
vt 0.875977 0.301758
vt 0.877441 0.304199
vt 0.876953 0.301758
vt 0.878418 0.303711
vt 0.878906 0.305664
vt 0.877441 0.306641
vt 0.875488 0.307129
vt 0.873047 0.307129
vt 0.871094 0.306641
vt 0.870117 0.306152
vt 0.869141 0.303223
vt 0.869629 0.305664
vt 0.869141 0.302246
vt 0.869629 0.305176
vt 0.870117 0.301758
vt 0.870605 0.304688
vt 0.872559 0.301758
vt 0.872559 0.304199
vt 0.875000 0.301758
vt 0.875000 0.304688
vt 0.877441 0.302246
vt 0.876953 0.305176
vt 0.878906 0.303223
vt 0.877930 0.305664
vt 0.876465 0.307617
vt 0.874512 0.306641
vt 0.873047 0.306641
vt 0.872070 0.306641
vt 0.871582 0.307129
vt 0.877930 0.302734
vt 0.876953 0.303223
vt 0.878418 0.305176
vt 0.877441 0.305664
vt 0.875488 0.303711
vt 0.875488 0.305664
vt 0.873535 0.303223
vt 0.873047 0.305664
vt 0.871582 0.303223
vt 0.871094 0.305664
vt 0.870117 0.302734
vt 0.869629 0.304688
vt 0.871582 0.300781
vt 0.872559 0.301270
vt 0.873535 0.301270
vt 0.874512 0.301270
vt 0.875488 0.301270
vt 0.875977 0.300781
vt 0.870605 0.305664
vt 0.871582 0.305176
vt 0.870117 0.303711
vt 0.871094 0.303223
vt 0.872559 0.304688
vt 0.872559 0.302734
vt 0.874512 0.304688
vt 0.874512 0.302734
vt 0.875488 0.304688
vt 0.875977 0.302734
vt 0.876465 0.305176
vt 0.876465 0.305664
vt 0.876465 0.303711
vt 0.875000 0.306641
vt 0.874512 0.306152
vt 0.874023 0.306152
vt 0.873047 0.306152
vt 0.871582 0.306641
vt 0.026855 0.835938
vt 0.115234 0.903320
vt 0.114258 0.835938
vt 0.200195 0.903320
vt 0.115723 0.969238
vt 0.201172 0.969238
vt 0.433105 0.969238
vt 0.433594 0.903320
vt 0.500977 0.969238
vt 0.500977 0.903320
vt 0.500977 0.835938
vt 0.434082 0.835938
vt 0.199219 0.835938
vt 0.026367 0.903320
vt 0.026367 0.969238
vt 0.050293 0.583008
vt 0.094727 0.538574
vt 0.191895 0.545410
vt 0.291016 0.538574
vt 0.376953 0.562012
vt 0.427246 0.536133
vt 0.528809 0.548828
vt 0.533691 0.630859
vt 0.637695 0.540039
vt 0.191895 0.630859
vt 0.697754 0.590332
vt 0.035645 0.309082
vt 0.029297 0.303223
vt 0.027832 0.303711
vt 0.029297 0.298828
vt 0.031250 0.298828
vt 0.031250 0.294922
vt 0.033203 0.294922
vt 0.033203 0.290527
vt 0.035645 0.289551
vt 0.035645 0.285156
vt 0.039062 0.285156
vt 0.034668 0.279297
vt 0.041504 0.285645
vt 0.042969 0.286133
vt 0.041504 0.290527
vt 0.042969 0.291016
vt 0.041504 0.294922
vt 0.042969 0.294922
vt 0.041504 0.299316
vt 0.042969 0.298828
vt 0.041504 0.303711
vt 0.042969 0.303223
vt 0.044922 0.303711
vt 0.031250 0.303711
vt 0.033203 0.299316
vt 0.033203 0.304199
vt 0.035645 0.300293
vt 0.035645 0.304688
vt 0.039062 0.299805
vt 0.039062 0.304688
vt 0.044922 0.298828
vt 0.044922 0.294922
vt 0.044922 0.291016
vt 0.044922 0.286133
vt 0.027832 0.299316
vt 0.029297 0.294922
vt 0.031250 0.291016
vt 0.033203 0.285645
vt 0.031250 0.286133
vt 0.029297 0.291016
vt 0.027832 0.294922
vt 0.029297 0.286133
vt 0.027832 0.290527
vt 0.035645 0.294922
vt 0.039062 0.289551
vt 0.027832 0.285645
vt 0.911133 0.900391
vt 0.904785 0.946777
vt 0.951172 0.900391
vt 0.951172 0.946777
vt 0.911133 0.996582
vt 0.951172 0.996582
vt 0.991211 0.900391
vt 0.997070 0.946777
vt 0.991211 0.996582
vt 0.971191 0.346680
vt 0.951172 0.317871
vt 0.982910 0.314941
vt 0.966797 0.286621
vt 0.932129 0.288574
vt 0.916992 0.263184
vt 0.918457 0.322754
vt 0.909180 0.320801
vt 0.935059 0.348633
vt 0.925781 0.362793
vt 0.979492 0.359863
vt 0.989258 0.314453
vt 0.975586 0.256348
vt 0.937012 0.200684
vt 0.888672 0.243164
vt 0.740723 0.295410
vt 0.733398 0.200684
vt 0.779785 0.303223
vt 0.791016 0.212402
vt 0.814941 0.235352
vt 0.843262 0.228027
vt 0.848633 0.237793
vt 0.875977 0.311035
vt 0.875977 0.385742
vt 0.902832 0.391113
vt 0.885742 0.432617
vt 0.909180 0.432617
vt 0.994141 0.439453
vt 0.965332 0.439453
vt 0.994141 0.422852
vt 0.963867 0.424316
vt 0.994141 0.409180
vt 0.962891 0.409180
vt 0.966309 0.392090
vt 0.924316 0.391602
vt 0.814941 0.319336
vt 0.837891 0.295410
vt 0.837402 0.372559
vt 0.840820 0.423828
vt 0.994141 0.401367
vt 0.994141 0.392090
vt 0.994141 0.356934
vt 0.994141 0.314453
vt 0.994141 0.241211
vt 0.751465 0.465332
vt 0.749023 0.448242
vt 0.799805 0.453613
vt 0.784180 0.429199
vt 0.747070 0.427734
vt 0.772949 0.388184
vt 0.740234 0.382812
vt 0.822266 0.371582
vt 0.855469 0.458984
vt 0.923828 0.414551
vt 0.935547 0.427246
vt 0.993652 0.231934
vt 0.898926 0.209473
vt 0.741211 0.145508
vt 0.895020 0.735840
vt 0.914062 0.735840
vt 0.904297 0.731934
vt 0.963867 0.235840
vt 0.973145 0.249023
vt 0.848633 0.238281
vt 0.741699 0.295410
vt 0.993652 0.232910
vt 0.802246 0.617676
vt 0.822266 0.614258
vt 0.800293 0.625488
vt 0.823730 0.629395
vt 0.936035 0.645020
vt 0.835938 0.638672
vt 0.931152 0.652832
vt 0.942871 0.629395
vt 0.929199 0.571777
vt 0.832031 0.591797
vt 0.922363 0.648438
vt 0.927246 0.644531
vt 0.896973 0.746582
vt 0.904297 0.748535
vt 0.912109 0.746582
vt 0.744141 0.860352
vt 0.708496 0.636230
vt 0.708496 0.859863
vt 0.935547 0.654297
vt 0.934082 0.643555
vt 0.838379 0.637207
vt 0.822754 0.629395
vt 0.823730 0.613770
vt 0.799805 0.622070
vt 0.800781 0.616699
vt 0.832031 0.592285
vt 0.929199 0.570801
vt 0.926758 0.644043
vt 0.923340 0.651367
vt 0.712891 0.573730
vt 0.750488 0.525391
vt 0.748535 0.520508
vt 0.786621 0.483398
vt 0.788574 0.493652
vt 0.824219 0.497070
vt 0.823730 0.501465
vt 0.857910 0.519043
vt 0.850098 0.522461
vt 0.859863 0.550293
vt 0.853516 0.543945
vt 0.788086 0.583984
vt 0.788574 0.568848
vt 0.726074 0.625488
vt 0.788574 0.518555
vt 0.101562 0.969238
vt 0.518555 0.835938
vt 0.518555 0.903320
vt 0.518555 0.969238
vt 0.102539 0.835938
vt 0.614746 0.844238
vt 0.589355 0.819824
vt 0.601562 0.844238
vt 0.589355 0.832031
vt 0.552246 0.844238
vt 0.566895 0.844238
vt 0.583984 0.875488
vt 0.583984 0.856445
vt 0.890625 0.973145
vt 0.768555 0.945801
vt 0.768555 0.989258
vt 0.613281 0.988770
vt 0.618652 0.899414
vt 0.551758 0.984375
vt 0.552734 0.894043
vt 0.693848 0.870117
vt 0.780762 0.883789
vt 0.556641 0.701660
vt 0.618652 0.625977
vt 0.697266 0.701660
vt 0.404297 0.676758
vt 0.404297 0.590332
vt 0.317871 0.676758
vt 0.317871 0.590332
vt 0.583008 0.826172
vt 0.591309 0.834473
vt 0.574707 0.833984
vt 0.586426 0.853027
vt 0.568848 0.853027
vt 0.577637 0.872070
vt 0.046875 0.291504
vt 0.042969 0.287109
vt 0.042969 0.291992
vt 0.040527 0.288086
vt 0.035645 0.281250
vt 0.038574 0.288574
vt 0.037109 0.288574
vt 0.038574 0.293457
vt 0.037109 0.293457
vt 0.038574 0.297363
vt 0.037109 0.297363
vt 0.038574 0.300781
vt 0.037109 0.301270
vt 0.038574 0.305664
vt 0.037109 0.305664
vt 0.034668 0.311523
vt 0.035156 0.306641
vt 0.031738 0.307617
vt 0.031738 0.302734
vt 0.028320 0.302246
vt 0.028320 0.297363
vt 0.025391 0.297363
vt 0.025391 0.292969
vt 0.040527 0.306152
vt 0.040527 0.301270
vt 0.040527 0.297363
vt 0.040527 0.292969
vt 0.031738 0.297363
vt 0.028320 0.291992
vt 0.031738 0.291504
vt 0.028320 0.287109
vt 0.031738 0.286621
vt 0.035156 0.287598
vt 0.042969 0.297363
vt 0.042969 0.302246
vt 0.042969 0.307129
vt 0.025391 0.288086
vt 0.028320 0.307129
vt 0.025391 0.306152
vt 0.025391 0.301270
vt 0.035156 0.292480
vt 0.035156 0.301758
vt 0.046875 0.297363
vt 0.046875 0.302734
vt 0.046875 0.307617
vt 0.046875 0.286621
vt 0.921875 0.886230
vt 0.951660 0.886230
vt 0.921875 0.856445
vt 0.951660 0.856445
vt 0.853516 0.892090
vt 0.833008 0.663086
vt 0.943359 0.892578
vt 0.983398 0.663086
vt 0.948242 0.891602
vt 0.989258 0.663086
vt 0.941406 0.144043
vt 0.826660 0.144043
vt 0.941406 0.194824
vt 0.826660 0.194824
vt 0.955566 0.892090
vt 0.997070 0.664062
vt 0.849609 0.892578
vt 0.825195 0.662598
vt 0.926758 0.129395
vt 0.996582 0.005859
vt 0.776367 0.129395
vt 0.712891 0.005859
vt 0.847168 0.128906
vt 0.881836 0.005859
vt 0.865234 0.005859
vt 0.954590 0.195801
vt 0.989746 0.102051
vt 0.989746 0.195801
vt 0.954590 0.102051
vt 0.978516 0.195801
vt 0.977539 0.102051
vt 0.864258 0.865723
vt 0.932617 0.823242
vt 0.869141 0.823242
vt 0.895996 0.804688
vt 0.906250 0.804688
vt 0.937500 0.865723
vt 0.900879 0.881348
vt 0.015625 0.749512
vt 0.403809 0.796875
vt 0.016113 0.796875
vt 0.403320 0.745605
vt 0.402832 0.690918
vt 0.015137 0.690430
vt 0.218750 0.796875
vt 0.270020 0.747559
vt 0.166992 0.747559
vt 0.218750 0.697754
vt 0.451660 0.676758
vt 0.452148 0.745117
vt 0.453125 0.795898
vt 0.895020 0.531738
vt 0.890137 0.504395
vt 0.908203 0.531738
vt 0.912109 0.507324
vt 0.926758 0.531250
vt 0.924805 0.507324
vt 0.946777 0.531250
vt 0.949219 0.505371
vt 0.958008 0.531738
vt 0.964844 0.504395
vt 0.886230 0.457031
vt 0.914062 0.457031
vt 0.923340 0.457031
vt 0.951660 0.458008
vt 0.960938 0.457031
vt 0.010254 0.689453
vt 0.004395 0.606934
vt 0.091797 0.688965
vt 0.093262 0.606934
vt 0.086914 0.689453
vt 0.089844 0.606934
vt 0.014160 0.688965
vt 0.006348 0.606934
vt 0.011230 0.681641
vt 0.092773 0.682129
vt 0.941406 0.503418
vt 0.941895 0.497559
vt 0.908203 0.504883
vt 0.899414 0.495605
vt 0.941895 0.500000
vt 0.899902 0.499023
vt 0.940918 0.502441
vt 0.907715 0.503418
vt 0.944336 0.496582
vt 0.938477 0.499023
vt 0.947266 0.500488
vt 0.940918 0.504883
vt 0.730469 0.914551
vt 0.686523 0.913574
vt 0.730469 0.922852
vt 0.686035 0.921875
vt 0.770020 0.934082
vt 0.886719 0.460449
vt 0.911621 0.483398
vt 0.930176 0.475098
vt 0.938965 0.465332
vt 0.947266 0.440430
vt 0.962402 0.471191
vt 0.964355 0.440918
vt 0.994141 0.472656
vt 0.994141 0.441406
vt 0.958984 0.511230
vt 0.940430 0.541016
vt 0.911133 0.548828
vt 0.994141 0.567383
vt 0.994141 0.541504
vt 0.994141 0.513672
vt 0.951172 0.589844
vt 0.994141 0.581543
vt 0.903809 0.548340
vt 0.915039 0.744629
vt 0.894043 0.744629
vt 0.890137 0.550293
vt 0.858398 0.491699
vt 0.831543 0.468750
vt 0.961914 0.600586
vt 0.994141 0.601074
vt 0.738770 0.646484
vt 0.770508 0.668457
vt 0.783203 0.855469
vt 0.804688 0.775391
vt 0.833984 0.886719
vt 0.833984 0.792969
vt 0.785156 0.856934
s 1
usemtl Material.946
f 1/1/1 2/2/2 3/3/3
f 3/3/3 2/2/2 4/4/4
f 2/2/2 5/5/5 4/4/4
f 4/4/4 5/5/5 6/6/6
f 5/5/5 7/4/7 6/6/6
f 6/6/6 7/4/7 8/7/8
f 7/4/7 9/8/9 8/7/8
f 8/7/8 9/8/9 10/4/10
f 9/8/9 11/9/11 10/4/10
f 10/4/10 11/9/11 12/10/12
f 11/9/11 13/4/13 12/10/12
f 12/10/12 13/4/13 14/3/14
f 13/4/13 15/2/15 14/3/14
f 14/3/14 15/2/15 16/1/16
f 15/2/15 17/11/17 16/1/16
f 16/1/16 17/11/17 18/2/18
f 17/11/17 19/12/19 18/2/18
f 18/2/18 19/12/19 20/5/5
f 19/12/19 21/2/20 20/5/5
f 20/5/5 21/2/20 22/4/21
f 23/11/22 24/2/23 25/12/24
f 26/4/4 27/10/25 28/3/26
f 29/4/27 30/6/28 31/7/29
f 32/8/9 33/4/30 34/9/31
f 35/13/32 36/14/33 37/15/34
f 37/15/34 36/14/33 38/16/35
f 36/14/33 39/17/36 38/16/35
f 38/16/35 39/17/36 40/18/37
f 39/17/36 41/19/38 40/18/37
f 40/18/37 41/19/38 42/20/39
f 41/19/38 43/21/40 42/20/39
f 42/20/39 43/21/40 44/22/41
f 43/21/40 45/23/42 44/22/41
f 44/22/41 45/23/42 46/24/43
f 47/15/44 48/16/45 49/25/46
f 49/25/46 48/16/45 50/26/47
f 48/16/45 51/18/37 50/26/47
f 50/26/47 51/18/37 52/27/48
f 51/18/37 53/20/49 52/27/48
f 52/27/48 53/20/49 54/28/50
f 53/20/49 55/22/41 54/28/50
f 54/28/50 55/22/41 56/29/51
f 55/22/41 57/24/52 56/29/51
f 58/30/53 59/17/54 60/31/55
f 59/17/54 61/14/56 60/31/55
f 60/31/55 61/14/56 62/32/57
f 61/14/56 63/13/58 62/32/57
f 62/32/57 63/13/58 64/33/59
f 63/13/58 65/34/60 64/33/59
f 64/33/59 65/34/60 66/35/61
f 65/34/60 67/36/62 66/35/61
f 68/37/63 69/31/55 70/38/64
f 70/38/64 69/31/55 71/39/65
f 69/31/55 72/32/66 71/39/65
f 71/39/65 72/32/66 73/40/67
f 72/32/66 74/33/59 73/40/67
f 73/40/67 74/33/59 75/41/68
f 74/33/59 76/35/69 75/41/68
f 77/42/70 78/43/71 79/44/72
f 79/44/72 78/43/71 80/28/50
f 78/43/71 81/27/73 80/28/50
f 82/23/74 83/21/75 84/45/76
f 84/45/76 83/21/75 85/46/77
f 83/21/75 86/19/78 85/46/77
f 87/47/79 88/38/64 89/40/80
f 89/40/80 88/38/64 90/39/81
f 91/17/82 92/48/63 93/19/83
f 93/19/83 92/48/63 94/49/84
f 95/29/85 96/44/86 97/28/87
f 98/50/79 99/40/88 100/41/89
f 101/2/90 102/1/91 103/3/92
f 103/3/92 102/1/91 104/2/93
f 102/1/91 105/11/94 104/2/93
f 104/2/93 105/11/94 106/12/95
f 105/11/94 107/2/90 106/12/95
f 106/12/95 107/2/90 108/5/96
f 109/1/97 110/2/98 111/11/9
f 112/5/99 113/2/100 114/12/101
usemtl Material.943
f 115/51/102 116/52/103 117/53/104
f 116/52/103 118/54/105 117/53/104
f 117/53/104 118/54/105 119/55/106
f 118/54/105 120/56/107 119/55/106
f 119/55/106 120/56/107 121/57/108
f 120/56/107 122/58/109 121/57/108
f 121/57/108 122/58/109 123/59/110
f 122/58/109 124/60/111 123/59/110
f 123/59/110 124/60/111 125/61/112
f 124/60/111 126/62/113 125/61/112
f 127/63/114 128/62/115 129/64/116
f 128/62/115 130/60/117 129/64/116
f 129/64/116 130/60/117 131/65/118
f 130/60/117 132/58/119 131/65/118
f 131/65/118 132/58/119 133/66/120
f 132/58/119 134/56/121 133/66/120
f 133/66/120 134/56/121 135/67/122
f 134/56/121 136/54/123 135/67/122
f 135/67/122 136/54/123 137/68/124
f 136/54/123 138/52/125 137/68/124
f 139/69/126 140/70/126 141/71/127
f 140/70/126 142/72/128 141/71/127
f 141/71/127 142/72/128 143/73/129
f 142/72/128 144/74/130 143/73/129
f 143/73/129 144/74/130 145/75/131
f 144/74/130 146/76/132 145/75/131
f 145/75/131 146/76/132 147/77/133
f 146/76/132 148/78/134 147/77/133
f 147/77/133 148/78/134 149/79/135
f 148/78/134 150/80/136 149/79/135
f 149/79/135 150/80/136 151/81/137
f 150/80/136 152/82/138 151/81/137
f 153/83/139 154/82/140 155/65/141
f 154/82/140 156/80/142 155/65/141
f 155/65/141 156/80/142 157/84/143
f 156/80/142 158/78/144 157/84/143
f 157/84/143 158/78/144 159/85/145
f 158/78/144 160/76/146 159/85/145
f 159/85/145 160/76/146 161/86/147
f 160/76/146 162/74/148 161/86/147
f 161/86/147 162/74/148 163/87/149
f 162/74/148 164/72/150 163/87/149
f 165/88/151 166/89/152 167/90/153
f 167/90/153 166/89/152 168/91/154
f 166/89/152 169/92/155 168/91/154
f 168/91/154 169/92/155 170/93/156
f 169/92/155 171/94/157 170/93/156
f 170/93/156 171/94/157 172/95/158
f 171/94/157 173/96/159 172/95/158
f 172/95/158 173/96/159 174/97/160
f 173/96/159 175/98/161 174/97/160
f 174/97/160 175/98/161 176/99/162
f 177/98/163 178/96/164 179/100/165
f 179/100/165 178/96/164 180/101/166
f 178/96/164 181/94/167 180/101/166
f 180/101/166 181/94/167 182/102/168
f 181/94/167 183/92/169 182/102/168
f 182/102/168 183/92/169 184/103/170
f 183/92/169 185/89/171 184/103/170
f 184/103/170 185/89/171 186/104/172
f 185/89/171 187/88/173 186/104/172
f 186/104/172 187/88/173 188/105/174
f 189/106/175 190/107/176 191/108/177
f 191/108/177 190/107/176 192/109/178
f 190/107/176 193/110/179 192/109/178
f 192/109/178 193/110/179 194/111/180
f 193/110/179 195/112/181 194/111/180
f 194/111/180 195/112/181 196/113/182
f 195/112/181 197/114/183 196/113/182
f 196/113/182 197/114/183 198/115/184
f 197/114/183 199/116/185 198/115/184
f 198/115/184 199/116/185 200/89/186
f 199/116/185 201/117/187 200/89/186
f 200/89/186 201/117/187 202/118/187
f 203/116/188 204/114/189 205/119/190
f 205/119/190 204/114/189 206/120/191
f 204/114/189 207/112/192 206/120/191
f 206/120/191 207/112/192 208/121/193
f 207/112/192 209/110/194 208/121/193
f 208/121/193 209/110/194 210/122/195
f 209/110/194 211/107/196 210/122/195
f 210/122/195 211/107/196 212/86/197
f 211/107/196 213/106/198 212/86/197
f 212/86/197 213/106/198 214/123/199
usemtl Material.944
f 215/124/200 216/125/201 217/126/202
f 217/126/202 216/125/201 218/127/203
f 216/125/201 219/128/204 218/127/203
f 218/127/203 219/128/204 220/129/205
f 219/128/204 221/127/206 220/129/205
f 220/129/205 221/127/206 222/130/207
f 221/127/206 223/131/208 222/130/207
f 222/130/207 223/131/208 224/132/209
f 223/131/208 225/133/210 224/132/209
f 224/132/209 225/133/210 226/131/211
f 225/133/210 227/134/212 226/131/211
f 226/131/211 227/134/212 228/135/213
f 227/134/212 229/131/214 228/135/213
f 228/135/213 229/131/214 230/136/215
f 229/131/214 231/127/216 230/136/215
f 230/136/215 231/127/216 232/126/217
f 231/127/216 233/125/218 232/126/217
f 232/126/217 233/125/218 234/124/219
f 233/125/218 235/137/220 234/124/219
f 234/124/219 235/137/220 236/125/221
f 235/137/220 237/138/222 236/125/221
f 236/125/221 237/138/222 238/128/204
f 237/138/222 239/125/218 238/128/204
f 238/128/204 239/125/218 240/127/206
f 241/130/223 242/131/224 243/129/225
f 243/129/225 242/131/224 244/127/226
f 242/131/224 245/135/227 244/127/226
f 244/127/226 245/135/227 246/136/228
f 247/127/226 248/136/229 249/126/230
f 250/137/231 251/125/218 252/138/232
f 253/131/224 254/130/223 255/132/233
f 256/133/234 257/131/235 258/134/212
f 259/42/70 260/139/236 261/43/237
f 261/43/237 260/139/236 262/140/238
f 260/139/236 263/141/239 262/140/238
f 262/140/238 263/141/239 264/27/240
f 263/141/239 265/142/241 264/27/240
f 264/27/240 265/142/241 266/26/242
f 265/142/241 267/143/243 266/26/242
f 266/26/242 267/143/243 268/25/244
f 267/143/243 269/144/245 268/25/244
f 268/25/244 269/144/245 270/15/246
f 269/144/245 271/145/247 270/15/246
f 270/15/246 271/145/247 272/13/248
f 271/145/247 273/34/249 272/13/248
f 274/143/250 275/146/251 276/144/245
f 276/144/245 275/146/251 277/145/252
f 275/146/251 278/147/253 277/145/252
f 277/145/252 278/147/253 279/34/254
f 278/147/253 280/36/62 279/34/254
f 281/142/255 282/141/256 283/143/243
f 283/143/243 282/141/256 284/148/257
f 282/141/256 285/139/258 284/148/257
f 286/36/62 287/147/259 288/149/260
f 288/149/260 287/147/259 289/146/251
f 290/27/261 291/43/262 292/140/263
f 293/138/264 294/128/265 295/125/266
f 294/128/265 296/127/267 295/125/266
f 295/125/266 296/127/267 297/126/268
f 296/127/267 298/136/269 297/126/268
f 297/126/268 298/136/269 299/127/270
f 298/136/269 300/135/271 299/127/270
f 299/127/270 300/135/271 301/131/272
f 300/135/271 302/134/273 301/131/272
f 301/131/272 302/134/273 303/133/99
f 302/134/273 304/131/274 303/133/99
f 303/133/99 304/131/274 305/132/275
f 304/131/274 306/130/276 305/132/275
f 305/132/275 306/130/276 307/131/277
f 306/130/276 308/129/278 307/131/277
f 307/131/277 308/129/278 309/127/279
f 308/129/278 310/128/280 309/127/279
f 309/127/279 310/128/280 311/125/281
f 310/128/280 312/138/282 311/125/281
f 311/125/281 312/138/282 313/137/283
f 312/138/282 314/125/284 313/137/283
f 313/137/283 314/125/284 315/124/285
f 314/125/284 316/126/286 315/124/285
f 315/124/285 316/126/286 317/125/287
f 316/126/286 318/127/288 317/125/287
f 319/135/289 320/136/290 321/131/291
f 320/136/290 322/127/267 321/131/291
f 321/131/291 322/127/267 323/130/292
f 322/127/267 324/129/293 323/130/292
f 325/124/294 326/125/281 327/137/295
f 328/127/296 329/128/265 330/129/297
f 331/132/275 332/131/298 333/133/299
f 334/131/300 335/134/301 336/135/302
f 337/150/303 338/151/304 339/152/305
f 339/152/305 338/151/304 340/153/306
f 338/151/304 341/154/307 340/153/306
f 340/153/306 341/154/307 342/155/308
f 341/154/307 343/156/309 342/155/308
f 342/155/308 343/156/309 344/157/105
f 343/156/309 345/158/310 344/157/105
f 344/157/105 345/158/310 346/159/311
f 345/158/310 347/160/312 346/159/311
f 346/159/311 347/160/312 348/161/313
f 347/160/312 349/162/314 348/161/313
f 348/161/313 349/162/314 350/163/315
f 349/162/314 351/164/316 350/163/315
f 350/163/315 351/164/316 352/165/317
f 351/164/316 353/166/318 352/165/317
f 352/165/317 353/166/318 354/167/319
f 353/166/318 355/168/320 354/167/319
f 354/167/319 355/168/320 356/169/321
f 355/168/320 357/170/322 356/169/321
f 356/169/321 357/170/322 358/171/323
f 357/170/322 359/150/324 358/171/323
f 358/171/323 359/150/324 360/172/325
f 361/151/326 362/173/327 363/154/328
f 363/154/328 362/173/327 364/174/148
f 362/173/327 365/175/329 364/174/148
f 364/174/148 365/175/329 366/176/146
f 365/175/329 367/177/330 366/176/146
f 366/176/146 367/177/330 368/178/144
f 367/177/330 369/179/331 368/178/144
f 368/178/144 369/179/331 370/168/142
f 369/179/331 371/170/332 370/168/142
f 372/172/333 373/180/334 374/171/323
f 374/171/323 373/180/334 375/169/321
f 373/180/334 376/181/335 375/169/321
f 375/169/321 376/181/335 377/167/336
f 376/181/335 378/182/337 377/167/336
f 377/167/336 378/182/337 379/165/317
f 378/182/337 380/183/338 379/165/317
f 379/165/317 380/183/338 381/163/339
f 380/183/338 382/161/340 381/163/339
f 383/152/341 384/153/342 385/184/343
f 385/184/343 384/153/342 386/185/344
f 384/153/342 387/155/345 386/185/344
f 386/185/344 387/155/345 388/186/346
f 387/155/345 389/157/105 388/186/346
f 388/186/346 389/157/105 390/187/347
f 389/157/105 391/159/348 390/187/347
f 390/187/347 391/159/348 392/161/349
f 393/161/350 394/188/351 395/187/352
f 395/187/352 394/188/351 396/186/353
f 394/188/351 397/189/354 396/186/353
f 396/186/353 397/189/354 398/185/355
f 397/189/354 399/190/356 398/185/355
f 398/185/355 399/190/356 400/184/357
f 401/161/358 402/191/359 403/188/360
f 403/188/360 402/191/359 404/189/361
f 402/191/359 405/192/362 404/189/361
f 404/189/361 405/192/362 406/190/363
f 407/154/364 408/174/365 409/156/366
f 409/156/366 408/174/365 410/193/367
f 408/174/365 411/176/132 410/193/367
f 412/173/368 413/150/369 414/175/370
f 414/175/370 413/150/369 415/177/371
f 413/150/369 416/179/372 415/177/371
f 417/158/373 418/194/109 419/160/374
f 419/160/374 418/194/109 420/162/375
f 418/194/109 421/164/376 420/162/375
f 422/161/377 423/195/378 424/191/379
f 424/191/379 423/195/378 425/192/380
f 426/193/381 427/158/382 428/156/383
f 429/173/368 430/151/304 431/150/384
f 432/170/385 433/179/372 434/150/386
f 435/196/387 436/197/381 437/198/388
f 437/198/388 436/197/381 438/199/389
f 436/197/381 439/200/390 438/199/389
f 438/199/389 439/200/390 440/201/391
f 441/198/392 442/199/393 443/202/394
f 443/202/394 442/199/393 444/203/395
f 442/199/393 445/201/396 444/203/395
f 444/203/395 445/201/396 446/204/397
usemtl Material.945
f 447/3/398 448/4/399 449/2/400
f 449/2/400 448/4/399 450/5/96
f 448/4/399 451/6/401 450/5/96
f 450/5/96 451/6/401 452/4/402
f 451/6/401 453/7/19 452/4/402
f 452/4/402 453/7/19 454/8/403
f 453/7/19 455/4/399 454/8/403
f 454/8/403 455/4/399 456/9/404
f 455/4/399 457/10/405 456/9/404
f 456/9/404 457/10/405 458/4/406
f 457/10/405 459/3/407 458/4/406
f 458/4/406 459/3/407 460/2/408
f 461/10/409 462/4/399 463/3/398
f 464/6/410 465/4/411 466/7/412
f 467/4/413 468/8/17 469/9/414
f 470/2/93 471/5/415 472/4/416
usemtl Material.947
f 473/205/417 474/206/418 475/207/419
f 475/207/419 474/206/418 476/208/420
f 474/206/418 477/209/421 476/208/420
f 476/208/420 477/209/421 478/210/422
f 477/209/421 479/211/423 478/210/422
f 478/210/422 479/211/423 480/212/424
f 479/211/423 481/213/425 480/212/424
f 480/212/424 481/213/425 482/214/426
f 481/213/425 483/205/427 482/214/426
f 482/214/426 483/205/427 484/215/428
f 483/205/427 485/207/429 484/215/428
f 484/215/428 485/207/429 486/216/430
f 485/207/429 487/208/431 486/216/430
f 486/216/430 487/208/431 488/217/432
f 487/208/431 489/210/433 488/217/432
f 488/217/432 489/210/433 490/218/434
f 489/210/433 491/219/435 490/218/434
f 492/220/436 493/221/437 494/222/438
f 493/221/437 495/223/439 494/222/438
f 494/222/438 495/223/439 496/224/440
f 495/223/439 497/225/441 496/224/440
f 496/224/440 497/225/441 498/226/442
f 497/225/441 499/219/443 498/226/442
f 498/226/442 499/219/443 500/227/444
f 499/219/443 501/212/445 500/227/444
f 500/227/444 501/212/445 502/228/446
f 501/212/445 503/229/447 502/228/446
f 502/228/446 503/229/447 504/230/448
f 503/229/447 505/231/449 504/230/448
f 506/232/450 507/233/451 508/234/452
f 507/233/451 509/235/453 508/234/452
f 508/234/452 509/235/453 510/236/454
f 509/235/453 511/237/455 510/236/454
f 510/236/454 511/237/455 512/238/456
f 511/237/455 513/239/457 512/238/456
f 512/238/456 513/239/457 514/214/458
f 513/239/457 515/212/445 514/214/458
f 516/222/459 517/224/460 518/240/461
f 517/224/460 519/226/462 518/240/461
f 518/240/461 519/226/462 520/241/463
f 519/226/462 521/227/464 520/241/463
f 520/241/463 521/227/464 522/242/465
f 521/227/464 523/228/466 522/242/465
f 522/242/465 523/228/466 524/243/467
f 523/228/466 525/230/468 524/243/467
f 526/236/454 527/238/469 528/244/470
f 528/244/470 527/238/469 529/245/471
f 527/238/469 530/215/472 529/245/471
f 529/245/471 530/215/472 531/246/473
f 530/215/472 532/216/474 531/246/473
f 531/246/473 532/216/474 533/247/475
f 532/216/474 534/248/476 533/247/475
f 535/249/477 536/250/478 537/251/479
f 537/251/479 536/250/478 538/252/480
f 536/250/478 539/253/481 538/252/480
f 538/252/480 539/253/481 540/254/482
f 539/253/481 541/255/483 540/254/482
f 540/254/482 541/255/483 542/220/484
f 543/220/484 544/222/485 545/254/486
f 544/222/485 546/256/487 545/254/486
f 545/254/486 546/256/487 547/252/488
f 546/256/487 548/243/489 547/252/488
f 547/252/488 548/243/489 549/251/490
f 548/243/489 550/257/491 549/251/490
f 551/212/492 552/239/457 553/229/493
f 553/229/493 552/239/457 554/258/494
f 552/239/457 555/237/495 554/258/494
f 554/258/494 555/237/495 556/259/496
f 555/237/495 557/235/497 556/259/496
f 558/209/498 559/206/499 560/211/500
f 560/211/500 559/206/499 561/213/501
f 559/206/499 562/205/502 561/213/501
f 563/216/503 564/217/504 565/248/505
f 565/248/505 564/217/504 566/260/506
f 564/217/504 567/218/507 566/260/506
f 568/231/508 569/229/509 570/258/510
f 571/214/511 572/215/512 573/238/513
f 574/212/492 575/219/514 576/210/515
f 577/261/516 578/219/517 579/225/518
f 580/256/519 581/242/520 582/243/521
f 583/256/487 584/222/459 585/240/522
f 586/262/523 587/223/524 588/221/525
f 589/263/526 590/264/526 591/265/526
f 592/265/527 593/264/527 594/263/527
f 595/218/528 596/210/529 597/266/530
f 597/266/530 596/210/529 598/267/531
f 596/210/529 599/208/532 598/267/531
f 598/267/531 599/208/532 600/216/533
f 599/208/532 601/207/534 600/216/533
f 600/216/533 601/207/534 602/215/535
f 601/207/534 603/205/536 602/215/535
f 602/215/535 603/205/536 604/214/537
f 603/205/536 605/213/538 604/214/537
f 604/214/537 605/213/538 606/212/539
f 605/213/538 607/211/540 606/212/539
f 606/212/539 607/211/540 608/210/541
f 607/211/540 609/209/542 608/210/541
f 608/210/541 609/209/542 610/208/543
f 609/209/542 611/206/544 610/208/543
f 610/208/543 611/206/544 612/207/545
f 611/206/544 613/205/536 612/207/545
f 614/231/546 615/229/547 616/230/548
f 616/230/548 615/229/547 617/228/549
f 615/229/547 618/212/550 617/228/549
f 617/228/549 618/212/550 619/227/551
f 618/212/550 620/219/552 619/227/551
f 619/227/551 620/219/552 621/268/553
f 620/219/552 622/225/554 621/268/553
f 621/268/553 622/225/554 623/224/555
f 622/225/554 624/223/556 623/224/555
f 623/224/555 624/223/556 625/222/557
f 624/223/556 626/221/558 625/222/557
f 625/222/557 626/221/558 627/269/559
f 628/230/560 629/228/561 630/243/562
f 630/243/562 629/228/561 631/242/563
f 629/228/561 632/227/564 631/242/563
f 631/242/563 632/227/564 633/241/565
f 632/227/564 634/268/566 633/241/565
f 633/241/565 634/268/566 635/240/567
f 634/268/566 636/224/568 635/240/567
f 635/240/567 636/224/568 637/222/569
f 638/212/539 639/239/570 640/214/571
f 640/214/571 639/239/570 641/238/572
f 639/239/570 642/237/573 641/238/572
f 641/238/572 642/237/573 643/236/574
f 642/237/573 644/235/575 643/236/574
f 643/236/574 644/235/575 645/234/576
f 644/235/575 646/233/577 645/234/576
f 645/234/576 646/233/577 647/232/578
f 648/248/476 649/216/533 650/247/579
f 650/247/579 649/216/533 651/246/580
f 649/216/533 652/215/581 651/246/580
f 651/246/580 652/215/581 653/245/284
f 652/215/581 654/238/582 653/245/284
f 653/245/284 654/238/582 655/244/583
f 654/238/582 656/236/574 655/244/583
f 657/257/584 658/243/585 659/251/586
f 659/251/586 658/243/585 660/252/587
f 658/243/585 661/256/588 660/252/587
f 660/252/587 661/256/588 662/254/589
f 661/256/588 663/222/590 662/254/589
f 662/254/589 663/222/590 664/269/591
f 665/269/592 666/255/593 667/254/594
f 666/255/593 668/253/595 667/254/594
f 667/254/594 668/253/595 669/252/596
f 668/253/595 670/250/597 669/252/596
f 669/252/596 670/250/597 671/251/598
f 670/250/597 672/249/599 671/251/598
f 673/235/600 674/237/601 675/259/602
f 675/259/602 674/237/601 676/258/603
f 674/237/601 677/239/604 676/258/603
f 676/258/603 677/239/604 678/229/605
f 677/239/604 679/212/539 678/229/605
f 680/205/536 681/206/606 682/213/538
f 682/213/538 681/206/606 683/211/607
f 681/206/606 684/209/608 683/211/607
f 685/266/609 686/267/610 687/270/611
f 687/270/611 686/267/610 688/248/612
f 686/267/610 689/216/613 688/248/612
f 690/221/525 691/223/614 692/262/615
f 692/262/615 691/223/614 693/225/616
f 694/212/617 695/210/618 696/219/619
f 696/219/619 695/210/618 697/218/620
f 698/215/621 699/214/622 700/238/582
f 701/231/623 702/258/624 703/229/625
f 704/261/626 705/225/627 706/219/628
f 707/256/629 708/240/630 709/222/569
f 710/242/631 711/256/632 712/243/562
f 713/271/633 714/272/634 715/273/635
f 715/273/635 714/272/634 716/274/636
f 714/272/634 717/275/637 716/274/636
f 716/274/636 717/275/637 718/276/635
f 717/275/637 719/277/638 718/276/635
f 720/275/639 721/272/640 722/278/641
f 722/278/641 721/272/640 723/279/642
f 721/272/640 724/280/643 723/279/642
f 725/277/567 726/275/644 727/281/565
f 727/281/565 726/275/644 728/282/641
f 729/283/645 730/265/646 731/284/647
f 731/284/647 730/265/646 732/285/648
f 730/265/646 733/264/649 732/285/648
f 734/263/650 735/265/646 736/283/645
f 737/286/651 738/287/652 739/288/653
f 740/287/652 741/286/654 742/288/653
f 743/289/655 744/290/656 745/291/657
f 745/291/657 744/290/656 746/292/658
f 744/290/656 747/293/659 746/292/658
f 746/292/658 747/293/659 748/294/487
f 747/293/659 749/295/660 748/294/487
f 750/296/661 751/293/662 752/297/663
f 752/297/663 751/293/662 753/278/664
f 751/293/662 754/290/665 753/278/664
f 755/298/666 756/290/665 757/299/667
f 757/299/667 756/290/665 758/289/668
f 759/300/441 760/301/669 761/302/670
f 761/302/670 760/301/669 762/303/671
f 760/301/669 763/304/672 762/303/671
f 762/303/671 763/304/672 764/305/673
f 763/304/672 765/306/674 764/305/673
f 764/305/673 765/306/674 766/307/675
f 765/306/674 767/308/676 766/307/675
f 766/307/675 767/308/676 768/309/677
f 767/308/676 769/310/678 768/309/677
f 768/309/677 769/310/678 770/311/679
f 769/310/678 771/312/680 770/311/679
f 770/311/679 771/312/680 772/313/524
f 771/312/680 773/300/681 772/313/524
f 774/304/682 775/314/683 776/306/684
f 776/306/684 775/314/683 777/308/676
f 775/314/683 778/312/685 777/308/676
f 777/308/676 778/312/685 779/310/686
f 780/304/682 781/301/687 782/314/688
f 782/314/688 781/301/687 783/312/689
f 781/301/687 784/300/690 783/312/689
usemtl Material.948
f 785/137/691 786/130/692 787/315/693
f 787/315/693 786/130/692 788/137/694
f 786/130/692 789/131/695 788/137/694
f 788/137/694 789/131/695 790/135/696
f 789/131/695 791/316/697 790/135/696
f 790/135/696 791/316/697 792/131/698
f 791/316/697 793/317/699 792/131/698
f 792/131/698 793/317/699 794/318/700
f 793/317/699 795/131/701 794/318/700
f 794/318/700 795/131/701 796/130/702
f 797/137/694 798/135/703 799/319/704
f 799/319/704 798/135/703 800/137/691
f 798/135/703 801/131/705 800/137/691
f 800/137/691 801/131/705 802/130/706
f 801/131/705 803/318/707 802/130/706
f 804/316/708 805/131/695 806/317/709
f 807/320/710 808/321/711 809/322/712
f 809/322/712 808/321/711 810/323/691
f 808/321/711 811/324/713 810/323/691
f 810/323/691 811/324/713 812/325/714
f 811/324/713 813/326/715 812/325/714
f 812/325/714 813/326/715 814/327/716
f 813/326/715 815/320/717 814/327/716
f 814/327/716 815/320/717 816/322/718
f 817/328/719 818/329/720 819/330/721
f 819/330/721 818/329/720 820/331/722
f 818/329/720 821/332/723 820/331/722
f 820/331/722 821/332/723 822/333/724
f 821/332/723 823/334/725 822/333/724
f 822/333/724 823/334/725 824/331/726
f 823/334/725 825/332/727 824/331/726
f 824/331/726 825/332/727 826/329/728
f 825/332/727 827/335/729 826/329/728
f 826/329/728 827/335/729 828/336/730
f 827/335/729 829/329/731 828/336/730
f 828/336/730 829/329/731 830/328/732
f 831/332/733 832/334/725 833/337/734
f 832/334/725 834/332/735 833/337/734
f 833/337/734 834/332/735 835/338/736
f 834/332/735 836/335/737 835/338/736
f 835/338/736 836/335/737 837/339/738
f 836/335/737 838/332/739 837/339/738
f 837/339/738 838/332/739 839/338/740
f 838/332/739 840/337/741 839/338/740
f 841/331/742 842/329/743 843/330/744
f 843/330/744 842/329/743 844/328/745
f 842/329/743 845/336/746 844/328/745
f 846/329/731 847/335/747 848/332/748
s 0
f 849/340/749 850/341/749 851/342/749
f 851/342/749 850/341/749 852/343/749
s 1
f 853/344/750 854/345/751 855/346/752
f 854/345/751 856/347/744 855/346/752
f 855/346/752 856/347/744 857/348/753
f 856/347/744 858/349/754 857/348/753
usemtl Material.949
f 859/130/755 860/318/756 861/131/757
f 861/131/757 860/318/756 862/317/3
f 860/318/756 863/131/57 862/317/3
f 862/317/3 863/131/57 864/316/758
f 863/131/57 865/135/759 864/316/758
f 864/316/758 865/135/759 866/131/760
f 865/135/759 867/137/761 866/131/760
f 866/131/760 867/137/761 868/130/762
f 867/137/761 869/315/763 868/130/762
f 868/130/762 869/315/763 870/137/764
f 871/137/765 872/135/766 873/319/767
f 873/319/767 872/135/766 874/137/764
f 872/135/766 875/131/768 874/137/764
f 874/137/764 875/131/768 876/130/769
f 875/131/768 877/318/770 876/130/769
f 878/316/771 879/131/772 880/317/773
f 881/325/774 882/327/775 883/326/776
f 883/326/776 882/327/775 884/320/777
f 882/327/775 885/322/778 884/320/777
f 884/320/777 885/322/778 886/321/49
f 885/322/778 887/323/779 886/321/49
f 886/321/49 887/323/779 888/324/780
f 887/323/779 889/325/781 888/324/780
f 888/324/780 889/325/781 890/326/782
f 891/330/783 892/329/728 893/328/784
f 893/328/784 892/329/728 894/336/785
f 892/329/728 895/335/786 894/336/785
f 894/336/785 895/335/786 896/329/787
f 895/335/786 897/332/788 896/329/787
f 896/329/787 897/332/788 898/331/789
f 897/332/788 899/334/790 898/331/789
f 898/331/789 899/334/790 900/333/791
f 899/334/790 901/332/792 900/333/791
f 900/333/791 901/332/792 902/331/793
f 901/332/792 903/329/794 902/331/793
f 902/331/793 903/329/794 904/330/795
f 905/337/796 906/332/797 907/338/798
f 907/338/798 906/332/797 908/339/799
f 906/332/797 909/335/786 908/339/799
f 908/339/799 909/335/786 910/338/800
f 909/335/786 911/332/792 910/338/800
f 910/338/800 911/332/792 912/337/49
f 911/332/792 913/334/790 912/337/49
f 912/337/49 913/334/790 914/332/801
f 915/336/802 916/329/803 917/328/804
f 917/328/804 916/329/803 918/330/805
f 916/329/803 919/331/806 918/330/805
f 920/332/807 921/335/786 922/329/808
s 0
f 923/340/749 924/341/749 925/342/749
f 925/342/749 924/341/749 926/343/749
s 1
f 927/349/784 928/347/805 929/348/809
f 929/348/809 928/347/805 930/346/810
f 928/347/805 931/345/811 930/346/810
f 930/346/810 931/345/811 932/344/812
usemtl Material.950
f 933/350/813 934/351/814 935/352/815
f 935/352/815 934/351/814 936/353/816
f 934/351/814 937/354/817 936/353/816
f 936/353/816 937/354/817 938/355/818
f 937/354/817 939/356/819 938/355/818
f 938/355/818 939/356/819 940/357/820
f 939/356/819 941/358/821 940/357/820
f 940/357/820 941/358/821 942/359/336
f 941/358/821 943/360/318 942/359/336
f 942/359/336 943/360/318 944/361/189
f 943/360/318 945/362/822 944/361/189
f 944/361/189 945/362/822 946/363/823
f 945/362/822 947/364/824 946/363/823
f 946/363/823 947/364/824 948/365/825
f 947/364/824 949/366/826 948/365/825
f 948/365/825 949/366/826 950/367/827
f 949/366/826 951/368/828 950/367/827
f 950/367/827 951/368/828 952/369/829
f 951/368/828 953/370/309 952/369/829
f 952/369/829 953/370/309 954/371/830
f 953/370/309 955/372/831 954/371/830
f 956/365/832 957/373/833 958/363/834
f 958/363/834 957/373/833 959/361/189
f 957/373/833 960/374/835 959/361/189
f 959/361/189 960/374/835 961/359/336
f 960/374/835 962/375/836 961/359/336
f 961/359/336 962/375/836 963/357/171
f 962/375/836 964/376/837 963/357/171
f 963/357/171 964/376/837 965/355/838
f 964/376/837 966/353/839 965/355/838
f 967/368/840 968/377/367 969/370/309
f 969/370/309 968/377/367 970/378/841
f 968/377/367 971/379/842 970/378/841
f 970/378/841 971/379/842 972/380/843
f 971/379/842 973/381/844 972/380/843
f 972/380/843 973/381/844 974/354/845
f 973/381/844 975/382/846 974/354/845
f 974/354/845 975/382/846 976/356/847
f 975/382/846 977/358/848 976/356/847
f 978/353/849 979/376/850 980/352/851
f 980/352/851 979/376/850 981/383/852
f 979/376/850 982/375/853 981/383/852
f 981/383/852 982/375/853 983/384/854
f 982/375/853 984/374/855 983/384/854
f 983/384/854 984/374/855 985/385/856
f 984/374/855 986/373/857 985/385/856
f 985/385/856 986/373/857 987/365/858
f 988/354/859 989/386/860 990/380/843
f 990/380/843 989/386/860 991/378/841
f 989/386/860 992/372/861 991/378/841
f 991/378/841 992/372/861 993/370/862
f 994/365/863 995/387/864 996/388/865
f 996/388/865 995/387/864 997/389/866
f 995/387/864 998/369/867 997/389/866
f 997/389/866 998/369/867 999/371/868
f 1000/379/869 1001/390/167 1002/381/844
f 1002/381/844 1001/390/167 1003/382/846
f 1001/390/167 1004/358/848 1003/382/846
f 1005/362/870 1006/391/194 1007/364/824
f 1007/364/824 1006/391/194 1008/366/871
f 1006/391/194 1009/368/872 1008/366/871
f 1010/369/873 1011/387/874 1012/367/875
f 1012/367/875 1011/387/874 1013/365/825
f 1014/350/876 1015/352/877 1016/392/878
f 1016/392/878 1015/352/877 1017/383/879
f 1018/392/880 1019/383/881 1020/393/882
f 1020/393/882 1019/383/881 1021/384/883
f 1022/393/884 1023/384/885 1024/394/886
f 1024/394/886 1023/384/885 1025/385/887
f 1026/395/888 1027/354/889 1028/351/814
f 1029/395/890 1030/351/814 1031/350/813
f 1032/394/891 1033/385/892 1034/365/893
f 1035/200/894 1036/201/179 1037/197/895
f 1037/197/895 1036/201/179 1038/199/896
f 1036/201/179 1039/204/822 1038/199/896
f 1038/199/896 1039/204/822 1040/203/897
f 1041/197/898 1042/199/899 1043/196/55
f 1043/196/55 1042/199/899 1044/198/900
f 1042/199/899 1045/203/901 1044/198/900
f 1044/198/900 1045/203/901 1046/202/902
f 1047/396/903 1048/397/903 1049/398/903
f 1049/398/903 1048/397/903 1050/399/903
f 1051/400/904 1052/401/905 1053/402/904
f 1053/402/904 1052/401/905 1054/403/905
f 1055/402/906 1056/403/907 1057/404/906
f 1057/404/906 1056/403/907 1058/405/906
f 1059/406/908 1060/407/908 1061/408/908
f 1061/408/908 1060/407/908 1062/409/908
f 1063/404/909 1064/405/909 1065/410/910
f 1065/410/910 1064/405/909 1066/411/911
f 1067/412/912 1068/413/913 1069/400/912
f 1069/400/912 1068/413/913 1070/401/912
f 1071/414/914 1072/415/915 1073/416/916
f 1072/415/915 1074/417/917 1073/416/916
f 1073/416/916 1074/417/917 1075/414/918
f 1074/417/917 1076/415/919 1075/414/918
f 1075/414/918 1076/415/919 1077/418/920
f 1076/415/919 1078/419/921 1077/418/920
f 1079/414/922 1080/415/923 1081/420/924
f 1082/415/925 1083/414/926 1084/417/927
f 1083/414/926 1085/416/928 1084/417/927
f 1084/417/927 1085/416/928 1086/415/924
f 1085/416/928 1087/414/929 1086/415/924
f 1088/414/930 1089/420/925 1090/415/931
f 1091/421/932 1092/422/933 1093/423/934
f 1093/423/934 1092/422/933 1094/421/935
f 1092/422/933 1095/424/936 1094/421/935
f 1094/421/935 1095/424/936 1096/422/937
f 1097/422/938 1098/421/939 1099/424/940
f 1099/424/940 1098/421/939 1100/422/941
f 1098/421/939 1101/423/942 1100/422/941
f 1100/422/941 1101/423/942 1102/421/943
f 1103/421/944 1104/422/945 1105/423/946
f 1105/423/946 1104/422/945 1106/425/947
f 1104/422/945 1107/426/948 1106/425/947
f 1108/422/949 1109/421/950 1110/424/951
f 1110/424/951 1109/421/950 1111/422/952
f 1109/421/950 1112/423/953 1111/422/952
f 1113/427/954 1114/428/955 1115/429/956
f 1115/429/956 1114/428/955 1116/430/945
f 1114/428/955 1117/431/957 1116/430/945
f 1118/432/958 1119/428/959 1120/433/960
f 1120/433/960 1119/428/959 1121/427/961
f 1122/415/962 1123/414/922 1124/417/963
f 1123/414/922 1125/416/964 1124/417/963
f 1124/417/963 1125/416/964 1126/415/965
f 1125/416/964 1127/414/966 1126/415/965
f 1128/434/967 1129/435/968 1130/436/969
f 1130/436/969 1129/435/968 1131/434/970
f 1129/435/968 1132/437/971 1131/434/970
f 1131/434/970 1132/437/971 1133/438/210
f 1134/435/972 1135/434/973 1136/437/974
f 1136/437/974 1135/434/973 1137/438/5
f 1135/434/973 1138/439/975 1137/438/5
f 1137/438/5 1138/439/975 1139/434/976
f 1140/440/977 1141/441/978 1142/442/979
f 1142/442/979 1141/441/978 1143/443/980
usemtl Material.951
f 1144/438/5 1145/444/981 1146/437/982
f 1146/437/982 1145/444/981 1147/445/769
f 1145/444/981 1148/437/971 1147/445/769
f 1147/445/769 1148/437/971 1149/446/983
f 1148/437/971 1150/435/26 1149/446/983
f 1149/446/983 1150/435/26 1151/437/982
f 1152/437/982 1153/445/762 1154/446/984
f 1155/438/210 1156/437/985 1157/444/986
f 1158/447/987 1159/448/988 1160/449/989
f 1159/448/988 1161/450/990 1160/449/989
f 1160/449/989 1161/450/990 1162/451/991
f 1161/450/990 1163/452/992 1162/451/991
f 1162/451/991 1163/452/992 1164/453/993
f 1163/452/992 1165/454/994 1164/453/993
f 1164/453/993 1165/454/994 1166/455/995
f 1165/454/994 1167/456/996 1166/455/995
f 1168/448/988 1169/457/997 1170/450/998
f 1169/457/997 1171/458/999 1170/450/998
f 1170/450/998 1171/458/999 1172/452/992
f 1171/458/999 1173/459/1000 1172/452/992
f 1172/452/992 1173/459/1000 1174/454/1001
f 1173/459/1000 1175/460/1002 1174/454/1001
f 1174/454/1001 1175/460/1002 1176/456/1003
f 1175/460/1002 1177/461/1004 1176/456/1003
f 1178/462/1005 1179/463/1006 1180/464/1007
f 1180/464/1007 1179/463/1006 1181/465/1008
f 1182/466/1009 1183/467/1010 1184/464/1011
f 1183/467/1010 1185/465/1012 1184/464/1011
f 1184/464/1011 1185/465/1012 1186/462/1013
f 1185/465/1012 1187/463/1014 1186/462/1013
f 1186/462/1013 1187/463/1014 1188/468/1015
f 1187/463/1014 1189/469/1002 1188/468/1015
f 1190/462/1013 1191/470/1016 1192/464/1017
f 1192/464/1017 1191/470/1016 1193/471/1018
usemtl Material.952
f 1194/472/1019 1195/473/1020 1196/474/1021
f 1196/474/1021 1195/473/1020 1197/475/1022
f 1195/473/1020 1198/476/1023 1197/475/1022
f 1197/475/1022 1198/476/1023 1199/477/1024
f 1198/476/1023 1200/478/1025 1199/477/1024
f 1199/477/1024 1200/478/1025 1201/479/1026
f 1200/478/1025 1202/472/1019 1201/479/1026
f 1201/479/1026 1202/472/1019 1203/474/1027
f 1204/480/1028 1205/481/1029 1206/482/1030
f 1206/482/1030 1205/481/1029 1207/483/1031
f 1208/435/699 1209/446/404 1210/437/1032
f 1210/437/1032 1209/446/404 1211/445/1033
f 1209/446/404 1212/437/15 1211/445/1033
f 1211/445/1033 1212/437/15 1213/444/1034
f 1212/437/15 1214/438/99 1213/444/1034
f 1213/444/1034 1214/438/99 1215/437/1035
f 1214/438/99 1216/434/1036 1215/437/1035
f 1215/437/1035 1216/434/1036 1217/435/398
f 1216/434/1036 1218/436/1037 1217/435/398
f 1217/435/398 1218/436/1037 1219/434/1038
f 1220/434/1039 1221/438/1040 1222/439/1041
f 1222/439/1041 1221/438/1040 1223/434/93
f 1221/438/1040 1224/437/20 1223/434/93
f 1223/434/93 1224/437/20 1225/435/407
f 1224/437/20 1226/446/404 1225/435/407
f 1227/444/412 1228/437/1042 1229/445/1033
f 1230/440/1043 1231/442/1044 1232/441/1045
f 1232/441/1045 1231/442/1044 1233/443/1046
usemtl Material.953
f 1234/461/1047 1235/460/1048 1236/456/1049
f 1236/456/1049 1235/460/1048 1237/454/1050
f 1235/460/1048 1238/459/1051 1237/454/1050
f 1237/454/1050 1238/459/1051 1239/452/1052
f 1238/459/1051 1240/458/1053 1239/452/1052
f 1239/452/1052 1240/458/1053 1241/450/1054
f 1240/458/1053 1242/457/1055 1241/450/1054
f 1241/450/1054 1242/457/1055 1243/448/1056
f 1244/456/1057 1245/454/1058 1246/455/1059
f 1246/455/1059 1245/454/1058 1247/453/1060
f 1245/454/1058 1248/452/1061 1247/453/1060
f 1247/453/1060 1248/452/1061 1249/451/1062
f 1248/452/1061 1250/450/1063 1249/451/1062
f 1249/451/1062 1250/450/1063 1251/449/1064
f 1250/450/1063 1252/448/1056 1251/449/1064
f 1251/449/1064 1252/448/1056 1253/447/1065
f 1254/462/1066 1255/464/1067 1256/463/1068
f 1256/463/1068 1255/464/1067 1257/465/1069
f 1258/469/1070 1259/463/1071 1260/468/1072
f 1260/468/1072 1259/463/1071 1261/462/1073
f 1259/463/1071 1262/465/1053 1261/462/1073
f 1261/462/1073 1262/465/1053 1263/464/1074
f 1262/465/1053 1264/467/1075 1263/464/1074
f 1263/464/1074 1264/467/1075 1265/466/1076
f 1266/462/1077 1267/464/1078 1268/470/1066
f 1268/470/1066 1267/464/1078 1269/471/1079
f 1270/473/1080 1271/472/1081 1272/474/1082
f 1272/474/1082 1271/472/1081 1273/479/1083
f 1271/472/1081 1274/478/1084 1273/479/1083
f 1273/479/1083 1274/478/1084 1275/477/937
f 1274/478/1084 1276/476/1085 1275/477/937
f 1275/477/937 1276/476/1085 1277/475/1086
f 1276/476/1085 1278/473/1080 1277/475/1086
f 1277/475/1086 1278/473/1080 1279/474/1087
f 1280/480/1088 1281/482/1089 1282/481/1090
f 1282/481/1090 1281/482/1089 1283/483/1091
usemtl Material.954
f 1284/484/1092 1285/485/1092 1286/486/1092
f 1286/486/1092 1285/485/1092 1287/487/1092
f 1288/488/1093 1289/484/1093 1290/486/1093
f 1291/487/1094 1292/485/1094 1293/486/1094
f 1293/486/1094 1292/485/1094 1294/484/1094
f 1295/484/1095 1296/488/1095 1297/486/1095
f 1298/243/467 1299/230/1096 1300/489/1097
f 1299/230/1096 1301/231/1098 1300/489/1097
f 1300/489/1097 1301/231/1098 1302/490/1099
f 1301/231/1098 1303/258/1100 1302/490/1099
f 1302/490/1099 1303/258/1100 1304/491/1101
f 1303/258/1100 1305/259/496 1304/491/1101
f 1304/491/1101 1305/259/496 1306/492/1102
f 1305/259/496 1307/493/1103 1306/492/1102
f 1306/492/1102 1307/493/1103 1308/494/1104
f 1307/493/1103 1309/495/1105 1308/494/1104
f 1308/494/1104 1309/495/1105 1310/496/1106
f 1309/495/1105 1311/497/1107 1310/496/1106
f 1312/494/1104 1313/498/1108 1314/492/1109
f 1314/492/1109 1313/498/1108 1315/491/1101
f 1313/498/1108 1316/499/1110 1315/491/1101
f 1315/491/1101 1316/499/1110 1317/490/1111
f 1316/499/1110 1318/500/1112 1317/490/1111
f 1317/490/1111 1318/500/1112 1319/489/1113
f 1318/500/1112 1320/257/1114 1319/489/1113
f 1319/489/1113 1320/257/1114 1321/243/521
f 1322/501/1115 1323/499/1116 1324/502/1117
f 1324/502/1117 1323/499/1116 1325/503/1118
f 1323/499/1116 1326/498/1119 1325/503/1118
f 1325/503/1118 1326/498/1119 1327/496/579
f 1326/498/1119 1328/494/1120 1327/496/579
f 1329/504/1121 1330/500/1122 1331/505/1123
f 1331/505/1123 1330/500/1122 1332/501/1124
f 1330/500/1122 1333/499/1125 1332/501/1124
f 1334/259/1126 1335/235/497 1336/493/1103
f 1336/493/1103 1335/235/497 1337/233/451
f 1338/506/1127 1339/257/1128 1340/500/1129
f 1341/497/1130 1342/495/1131 1343/496/475
f 1343/496/475 1342/495/1131 1344/494/1132
f 1342/495/1131 1345/493/1133 1344/494/1132
f 1344/494/1132 1345/493/1133 1346/492/1134
f 1345/493/1133 1347/259/602 1346/492/1134
f 1346/492/1134 1347/259/602 1348/491/1135
f 1347/259/602 1349/258/1136 1348/491/1135
f 1348/491/1135 1349/258/1136 1350/490/1137
f 1349/258/1136 1351/231/1138 1350/490/1137
f 1350/490/1137 1351/231/1138 1352/489/1139
f 1351/231/1138 1353/230/1140 1352/489/1139
f 1352/489/1139 1353/230/1140 1354/243/562
f 1355/243/1141 1356/257/1142 1357/489/1143
f 1356/257/1142 1358/500/1144 1357/489/1143
f 1357/489/1143 1358/500/1144 1359/490/1145
f 1358/500/1144 1360/499/1146 1359/490/1145
f 1359/490/1145 1360/499/1146 1361/491/1135
f 1360/499/1146 1362/498/1147 1361/491/1135
f 1361/491/1135 1362/498/1147 1363/492/1134
f 1362/498/1147 1364/494/1132 1363/492/1134
f 1365/494/1148 1366/498/1149 1367/496/1150
f 1367/496/1150 1366/498/1149 1368/503/1151
f 1366/498/1149 1369/499/1152 1368/503/1151
f 1368/503/1151 1369/499/1152 1370/502/1153
f 1369/499/1152 1371/501/1154 1370/502/1153
f 1372/499/1155 1373/500/1156 1374/501/1157
f 1374/501/1157 1373/500/1156 1375/505/1123
f 1373/500/1156 1376/504/1158 1375/505/1123
f 1377/259/602 1378/493/1133 1379/235/1159
f 1379/235/1159 1378/493/1133 1380/233/1160
f 1381/506/1161 1382/500/1162 1383/257/1163
f 1384/285/648 1385/264/1164 1386/507/1165
f 1386/507/1165 1385/264/1164 1387/285/1166
f 1385/264/1164 1388/265/1167 1387/285/1166
f 1387/285/1166 1388/265/1167 1389/284/3
f 1388/265/1167 1390/283/1168 1389/284/3
f 1391/265/1169 1392/263/1170 1393/283/1168
f 1393/283/1168 1392/263/1170 1394/508/1171
f 1392/263/1170 1395/283/1172 1394/508/1171
usemtl Material.955
f 1396/509/1173 1397/510/1174 1398/506/1127
f 1398/506/1127 1397/510/1174 1399/257/1128
f 1397/510/1174 1400/511/1175 1399/257/1128
f 1399/257/1128 1400/511/1175 1401/251/479
f 1400/511/1175 1402/249/652 1401/251/479
f 1403/504/1176 1404/505/1123 1405/512/1173
f 1405/512/1173 1404/505/1123 1406/513/1177
f 1407/513/1178 1408/505/1179 1409/512/1180
f 1409/512/1180 1408/505/1179 1410/504/1181
f 1411/249/652 1412/511/1182 1413/251/1183
f 1413/251/1183 1412/511/1182 1414/257/1184
f 1412/511/1182 1415/510/1185 1414/257/1184
f 1414/257/1184 1415/510/1185 1416/506/1186
f 1415/510/1185 1417/509/1187 1416/506/1186
f 1418/287/1188 1419/286/1189 1420/514/1190
f 1420/514/1190 1419/286/1189 1421/515/1191
f 1419/286/1189 1422/516/53 1421/515/1191
f 1421/515/1191 1422/516/53 1423/517/1192
f 1422/516/53 1424/518/1193 1423/517/1192
f 1423/517/1192 1424/518/1193 1425/519/1177
f 1424/518/1193 1426/520/1194 1425/519/1177
f 1425/519/1177 1426/520/1194 1427/517/1195
f 1426/520/1194 1428/515/1196 1427/517/1195
f 1429/520/52 1430/286/1197 1431/515/1198
f 1431/515/1198 1430/286/1197 1432/514/1175
f 1430/286/1197 1433/287/1199 1432/514/1175
